model,lmbda,rho,alpha,dobs,seed,X_rmse,Y_rmse,Z_rmse
magi,,23.0,0.0005,20,0,0.8023845552181804,1.311992466096431,1.1427533405698553
magi,,23.0,0.0005,20,1,0.7228962685100699,1.18204443217848,1.030251942052501
magi,,23.0,0.0005,20,10,0.3768655409989585,0.6289865858177558,0.44648663577204223
magi,,23.0,0.0005,20,11,0.9582819000035085,1.5754853271728,1.3127644636564886
magi,,23.0,0.0005,20,12,0.8374329389529033,1.3756320031113405,1.1787856005370627
magi,,23.0,0.0005,20,13,1.169712636092219,1.9136705756932217,1.6332293454620532
magi,,23.0,0.0005,20,14,0.919660341401421,1.5133165891033853,1.2774602022933297
magi,,23.0,0.0005,20,15,0.7870949063268443,1.2868381984150836,1.1338645994150387
magi,,23.0,0.0005,20,16,0.9422586552562168,1.5545222327774741,1.2623380425651514
magi,,23.0,0.0005,20,17,0.8853056826080293,1.4430812599491032,1.2590523285794901
magi,,23.0,0.0005,20,18,0.6650215749666185,1.0943216148805919,0.9132833068758234
magi,,23.0,0.0005,20,19,1.024172575901871,1.7003629409027143,1.3488662781428267
magi,,23.0,0.0005,20,2,0.7541220793508344,1.2434306538940254,1.0224959178780406
magi,,23.0,0.0005,20,20,1.1571685681227732,1.8967619422915947,1.603744719945995
magi,,23.0,0.0005,20,21,0.961474178480709,1.5609374810089287,1.3865205149454654
magi,,23.0,0.0005,20,22,0.793687958381996,1.2981126484654892,1.1312672469721692
magi,,23.0,0.0005,20,23,0.6357208687808372,1.0594386966872462,0.7916029088519829
magi,,23.0,0.0005,20,24,1.1679707453216963,1.9210258539415508,1.575572191752125
magi,,23.0,0.0005,20,25,1.0977005990048778,1.80369336454769,1.5083745283952874
magi,,23.0,0.0005,20,26,0.8562689516729183,1.4006431490994087,1.2084458684516433
magi,,23.0,0.0005,20,27,0.7045786669346162,1.1596776213973352,0.9618578945476126
magi,,23.0,0.0005,20,28,0.9621399173461166,1.5836892508792042,1.2954131197951815
magi,,23.0,0.0005,20,29,0.6827195823041677,1.1191703688638954,0.9632293717929522
magi,,23.0,0.0005,20,3,0.8729594885674068,1.4350344969401179,1.1984951694703925
magi,,23.0,0.0005,20,30,0.9491294891829335,1.5400047862643882,1.3819067939706806
magi,,23.0,0.0005,20,31,1.3545035426735046,2.2411627250824626,1.7656178907603015
magi,,23.0,0.0005,20,32,0.8483472155673303,1.388868281594996,1.1982610804949798
magi,,23.0,0.0005,20,33,0.5652081377526279,0.9351528409634434,0.7571322189890302
magi,,23.0,0.0005,20,34,0.5630612630211038,0.920181730270631,0.7961461270921057
magi,,23.0,0.0005,20,35,1.3662057399066472,2.2571011620541745,1.787297232667189
magi,,23.0,0.0005,20,36,0.6751351508068738,1.107985251393947,0.9345815226321613
magi,,23.0,0.0005,20,37,0.5576165216174299,0.9243950012071219,0.7078872336336017
magi,,23.0,0.0005,20,38,0.7024002167763241,1.1442490756578254,1.0174262781934027
magi,,23.0,0.0005,20,39,1.048170503984328,1.7273957180665558,1.4077020614712397
magi,,23.0,0.0005,20,4,0.9513562753640289,1.557904850593657,1.3102807515662325
magi,,23.0,0.0005,20,40,0.8989510513010678,1.4609660193637823,1.2967229332939538
magi,,23.0,0.0005,20,41,1.0454794186589673,1.6979403866873732,1.5212131611178465
magi,,23.0,0.0005,20,42,1.0196804955053633,1.6673668435397204,1.439135461996723
magi,,23.0,0.0005,20,43,0.9122898728770534,1.4989950298870036,1.2499823142143878
magi,,23.0,0.0005,20,44,1.2565524436824094,2.0577992086331416,1.7367668467331498
magi,,23.0,0.0005,20,45,1.1417204024170573,1.8710129773061714,1.5871530292248297
magi,,23.0,0.0005,20,46,1.2978774483320614,2.1377052438590045,1.7479620391673447
magi,,23.0,0.0005,20,47,1.0968721900173874,1.801470160457896,1.4989382775895732
magi,,23.0,0.0005,20,48,0.7607165416906353,1.2572049163092343,1.014995248788719
magi,,23.0,0.0005,20,49,0.7698741813716441,1.2595920926826534,1.0761728392087382
magi,,23.0,0.0005,20,5,0.5697443141113615,0.9350972892988494,0.7820787834953836
magi,,23.0,0.0005,20,50,0.8880748117670488,1.4558660091960374,1.2293794334273966
magi,,23.0,0.0005,20,51,1.0907382193822137,1.7853942206232687,1.5336844830795717
magi,,23.0,0.0005,20,52,0.36632808894485147,0.6118033114498211,0.47342025639332763
magi,,23.0,0.0005,20,53,0.6027529885739235,1.0021208653226659,0.7842921561153975
magi,,23.0,0.0005,20,54,0.7573470984351035,1.2272168075082792,1.1223362461731359
magi,,23.0,0.0005,20,55,0.9355803541356658,1.5430096533718471,1.2674042994109675
magi,,23.0,0.0005,20,56,0.6964086537919625,1.1392098680642653,0.9884013620746653
magi,,23.0,0.0005,20,57,0.6334509931907617,1.0335551821510685,0.9007789489590268
magi,,23.0,0.0005,20,58,1.2526393669254126,2.053294461497291,1.731561849906272
magi,,23.0,0.0005,20,59,0.7702898153874094,1.2709431823692798,1.0473226925073504
magi,,23.0,0.0005,20,6,1.0038902993533143,1.649082433432602,1.37512870153599
magi,,23.0,0.0005,20,60,0.763242970602087,1.2393697107263655,1.1073354276135876
magi,,23.0,0.0005,20,61,1.3606231445638843,2.244935229075513,1.7966042137139342
magi,,23.0,0.0005,20,62,0.7786921967077262,1.276802085269939,1.0987449433915568
magi,,23.0,0.0005,20,63,0.8523535869026109,1.3775862347386831,1.279277753886364
magi,,23.0,0.0005,20,64,1.009933118558227,1.6673574637092328,1.3602333439821273
magi,,23.0,0.0005,20,65,1.015850432934653,1.6760762202771198,1.3688350183044127
magi,,23.0,0.0005,20,66,0.494488363908707,0.8297570529992593,0.5916279958585369
magi,,23.0,0.0005,20,67,0.6578615990611527,1.0814818185111106,0.9080671605563373
magi,,23.0,0.0005,20,68,1.1322949883770759,1.852175122611151,1.5969893202419296
magi,,23.0,0.0005,20,69,1.1500140824580263,1.8802491731305724,1.6022398711522492
magi,,23.0,0.0005,20,7,1.0211810733057727,1.6608254418094308,1.4659280033509732
magi,,23.0,0.0005,20,70,0.6523288750199796,1.0609520274465254,0.9508643700168304
magi,,23.0,0.0005,20,71,0.8825655564239016,1.4478436932949617,1.2166999469756434
magi,,23.0,0.0005,20,72,0.7761730740118469,1.252666077175725,1.1551768738591215
magi,,23.0,0.0005,20,73,0.4242490858178074,0.7074942994548741,0.5313630776660635
magi,,23.0,0.0005,20,74,1.1862131926745942,1.951413896374347,1.6037491363793057
magi,,23.0,0.0005,20,75,0.8613838030375137,1.4289273244587741,1.121189822221749
magi,,23.0,0.0005,20,76,0.7397387133703238,1.2057960251786732,1.0795706832705096
magi,,23.0,0.0005,20,77,1.0423288668689827,1.7171590304224469,1.3919808648541623
magi,,23.0,0.0005,20,78,0.8708659914023582,1.425160514081633,1.2250010089125123
magi,,23.0,0.0005,20,79,0.5096301271161519,0.8476142222273577,0.633968247270692
magi,,23.0,0.0005,20,8,1.0328667467094235,1.6932042930655333,1.440885606024075
magi,,23.0,0.0005,20,80,1.2074578698616412,1.9874450736723812,1.6274958736864822
magi,,23.0,0.0005,20,81,1.0691999322082724,1.736396580449113,1.5515364813818706
magi,,23.0,0.0005,20,82,0.8302863789853017,1.349835732725789,1.1923254780633141
magi,,23.0,0.0005,20,83,1.4428163022761267,2.3626243581128086,1.963050168374707
magi,,23.0,0.0005,20,84,0.9073549880498326,1.501569814405324,1.1867924011553692
magi,,23.0,0.0005,20,85,1.1192519895493045,1.8515959998739195,1.4906846489367578
magi,,23.0,0.0005,20,86,0.7565509804330104,1.2431934420046244,1.0608597440866934
magi,,23.0,0.0005,20,87,0.6030541976115736,0.974385963468678,0.919408604870854
magi,,23.0,0.0005,20,88,0.663958141492998,1.1065488070250176,0.8391477517494592
magi,,23.0,0.0005,20,89,1.2313843946415208,2.031184975328427,1.636142350923195
magi,,23.0,0.0005,20,9,1.0007306434445722,1.6384783666134077,1.3895165372778258
magi,,23.0,0.0005,20,90,0.7123246531773796,1.1563002180058586,1.058527813192264
magi,,23.0,0.0005,20,91,0.9403088531456134,1.5217978689722216,1.3974527516522786
magi,,23.0,0.0005,20,92,1.098753008568146,1.8065308663536974,1.5016631128104743
magi,,23.0,0.0005,20,93,1.1899777938396863,1.9445984668242613,1.6663009037419882
magi,,23.0,0.0005,20,94,1.3032581041006805,2.1407036946366875,1.7700758270667392
magi,,23.0,0.0005,20,95,0.48500308438494816,0.804102454888585,0.628688070051616
magi,,23.0,0.0005,20,96,1.0825067592474178,1.7829161182375766,1.4528536177626838
magi,,23.0,0.0005,20,97,1.1201231659212247,1.8466199356731146,1.511767980351474
magi,,23.0,0.0005,20,98,0.7426386754374231,1.2166160548427132,1.0437815154030483
magi,,23.0,0.0005,20,99,0.6020028478944728,0.9857334717916715,0.8548275940480925
magi,,28.0,0.0005,20,0,0.23571150584780873,0.34366092753227173,0.4334108354645286
magi,,28.0,0.0005,20,1,0.5603154256395039,0.8593174785178606,1.0483072715850628
magi,,28.0,0.0005,20,10,0.29926700673805284,0.4526020455696215,0.5556463589881211
magi,,28.0,0.0005,20,11,0.6433532523649933,0.9854280694027485,1.199343083490591
magi,,28.0,0.0005,20,12,0.644084692781099,0.9851033759353843,1.206439441063982
magi,,28.0,0.0005,20,13,0.6087694119246558,0.9338590832211949,1.1350847133878406
magi,,28.0,0.0005,20,14,0.5724504153586885,0.8777829452268764,1.0683350743440774
magi,,28.0,0.0005,20,15,0.4319088201589837,0.663623366541623,0.8033296982088955
magi,,28.0,0.0005,20,16,0.29521097882869757,0.44348823042354146,0.5512448081460174
magi,,28.0,0.0005,20,17,0.6619617026109869,1.0149401360488146,1.2319831441018194
magi,,28.0,0.0005,20,18,0.8955309290045481,1.3602874972218486,1.6624167445031823
magi,,28.0,0.0005,20,19,0.5033155591631532,0.7701784268776729,0.9429425564435622
magi,,28.0,0.0005,20,2,0.8583583583905207,1.307454699643603,1.5924916377222351
magi,,28.0,0.0005,20,20,0.2417015939685482,0.3676154809431835,0.44760260349556696
magi,,28.0,0.0005,20,21,0.4026606201108539,0.6116983955772316,0.7525087762909726
magi,,28.0,0.0005,20,22,0.6795174869602884,1.0375919567071195,1.2653838246049947
magi,,28.0,0.0005,20,23,0.49842418053033966,0.7627793590357536,0.9336509005776007
magi,,28.0,0.0005,20,24,0.684562288426094,1.0482133325786571,1.272490686695252
magi,,28.0,0.0005,20,25,0.4697701626298453,0.7207437258686074,0.8778509821805174
magi,,28.0,0.0005,20,26,0.3888035688868216,0.5973232512025932,0.726153515633052
magi,,28.0,0.0005,20,27,0.36641529168993675,0.5621463041416009,0.6836863574311153
magi,,28.0,0.0005,20,28,0.17560132491771305,0.24267232339632172,0.31102654380491757
magi,,28.0,0.0005,20,29,0.3571507552641231,0.5385691102068569,0.6716810871154187
magi,,28.0,0.0005,20,3,0.4642858127710756,0.71485636810075,0.86957069022771
magi,,28.0,0.0005,20,30,0.34109590895094105,0.5181720477695851,0.6386208849531895
magi,,28.0,0.0005,20,31,0.5474600487559157,0.8424260783302271,1.0218509171840429
magi,,28.0,0.0005,20,32,0.5495903956636423,0.8481778718688799,1.0231604707052102
magi,,28.0,0.0005,20,33,0.5680760469825806,0.8705456468060283,1.0600116086862952
magi,,28.0,0.0005,20,34,0.6826768001779762,1.0484930885866484,1.2720739835028183
magi,,28.0,0.0005,20,35,0.6456286371136309,0.9888485680993149,1.2029523754069704
magi,,28.0,0.0005,20,36,0.7331771955376856,1.1161830204458851,1.3676037577734705
magi,,28.0,0.0005,20,37,0.8599262632809355,1.3128461084895442,1.5994335993155961
magi,,28.0,0.0005,20,38,0.624789246688389,0.9559123670227395,1.1627261690379582
magi,,28.0,0.0005,20,39,0.40550167908579265,0.624734620246451,0.7612072354141628
magi,,28.0,0.0005,20,4,0.5345867502661038,0.8182580123099842,1.0001306598200184
magi,,28.0,0.0005,20,40,0.25401917984184014,0.37678184329272035,0.47555006214791273
magi,,28.0,0.0005,20,41,0.2959312836026984,0.4512624058046877,0.554677723176047
magi,,28.0,0.0005,20,42,0.6509543887302501,0.9980870838863527,1.2149733817234547
magi,,28.0,0.0005,20,43,0.32304034614429755,0.4863782935408473,0.6077121647094386
magi,,28.0,0.0005,20,44,0.7522525337708882,1.1518344486670047,1.398946517223877
magi,,28.0,0.0005,20,45,0.6402685373744003,0.9775745368506925,1.1935603854369854
magi,,28.0,0.0005,20,46,0.3694813147986622,0.5668956378776983,0.6912466070405984
magi,,28.0,0.0005,20,47,0.7631610765977902,1.1703029749739735,1.4150782620793432
magi,,28.0,0.0005,20,48,0.6433251038061942,0.9834640804162488,1.201615963413947
magi,,28.0,0.0005,20,49,0.36455141156887483,0.5592073293223669,0.6828666558933275
magi,,28.0,0.0005,20,5,0.16079428048667083,0.2168842359783072,0.278997385009651
magi,,28.0,0.0005,20,50,0.4062544367661411,0.6276518975159018,0.7611962332425133
magi,,28.0,0.0005,20,51,0.6586532543435182,1.0109356711814608,1.2224685081736142
magi,,28.0,0.0005,20,52,0.851143844429057,1.2966425565578097,1.5799815456947026
magi,,28.0,0.0005,20,53,0.7693014593757079,1.1769581678443435,1.4268075763547863
magi,,28.0,0.0005,20,54,0.4331434650399309,0.6624140050129039,0.8068794167237882
magi,,28.0,0.0005,20,55,0.3018112043503747,0.44857364762118823,0.5632417562885863
magi,,28.0,0.0005,20,56,0.5637202847214597,0.8609409650592432,1.04922185534037
magi,,28.0,0.0005,20,57,0.7549980535996668,1.1491313910471002,1.407010652926985
magi,,28.0,0.0005,20,58,0.418842725590876,0.642859035468922,0.7829918322631967
magi,,28.0,0.0005,20,59,0.37531678843217436,0.5654246769351612,0.7035868126126333
magi,,28.0,0.0005,20,6,0.1565263179873644,0.21698338298583478,0.27506478998007483
magi,,28.0,0.0005,20,60,0.41623542963762494,0.6404912867484077,0.7737682764752902
magi,,28.0,0.0005,20,61,0.37543758096072427,0.5706921022899236,0.7027042769671071
magi,,28.0,0.0005,20,62,0.3887701541642098,0.5865877949484951,0.7297205365930035
magi,,28.0,0.0005,20,63,0.32284954767059665,0.4857323632228256,0.6026484672417696
magi,,28.0,0.0005,20,64,0.46759316682136703,0.7175163173860767,0.8752576439054166
magi,,28.0,0.0005,20,65,0.7113258542464261,1.0895286965443076,1.3210043246878975
magi,,28.0,0.0005,20,66,0.3420370653877172,0.5187318514665618,0.6393534255551587
magi,,28.0,0.0005,20,67,0.6822226764945407,1.0439053209625662,1.2680607015728131
magi,,28.0,0.0005,20,68,0.7542435980472443,1.1544777490175064,1.3997883982747525
magi,,28.0,0.0005,20,69,0.3385289077723144,0.5213227604419356,0.6347565814841346
magi,,28.0,0.0005,20,7,0.4179973829940839,0.6355130551627143,0.7821956021863222
magi,,28.0,0.0005,20,70,0.5565231905750064,0.855117466233045,1.0363796255971367
magi,,28.0,0.0005,20,71,0.29309749817686803,0.44741714466185994,0.5504686349001826
magi,,28.0,0.0005,20,72,0.6400712555766204,0.981911750723571,1.1942649843691273
magi,,28.0,0.0005,20,73,0.8264921997414412,1.2624906573325283,1.530542273286655
magi,,28.0,0.0005,20,74,0.41970122751061917,0.6403936845642796,0.7867623830091988
magi,,28.0,0.0005,20,75,0.3644457866366014,0.5543017427250663,0.6793409792709147
magi,,28.0,0.0005,20,76,0.3607744803062479,0.551577017258806,0.6731002109759066
magi,,28.0,0.0005,20,77,0.4179980074085532,0.6378011128282529,0.7833015434341739
magi,,28.0,0.0005,20,78,0.733086768402934,1.1183429785974004,1.360082524861422
magi,,28.0,0.0005,20,79,0.6301699040614097,0.9648372547889498,1.1735826425951832
magi,,28.0,0.0005,20,8,0.18961815602873758,0.2611782605076094,0.34111501854344184
magi,,28.0,0.0005,20,80,0.5749511906365005,0.8815679636761468,1.069810889590472
magi,,28.0,0.0005,20,81,0.1482004517135662,0.1999834864912953,0.254423133055372
magi,,28.0,0.0005,20,82,0.44896093228646133,0.6906277093072266,0.8392103658933652
magi,,28.0,0.0005,20,83,0.14319709619655327,0.20761816000938602,0.2541584343169736
magi,,28.0,0.0005,20,84,0.49217416439232253,0.7537108295833606,0.9172163178887519
magi,,28.0,0.0005,20,85,0.3976210367561798,0.6069525009521953,0.743425333233547
magi,,28.0,0.0005,20,86,0.26033815791932197,0.3881538850838487,0.48176208249850144
magi,,28.0,0.0005,20,87,0.2864273139007162,0.43790118015196816,0.5351262914620846
magi,,28.0,0.0005,20,88,0.6358946444558563,0.9761212377080966,1.180486458895763
magi,,28.0,0.0005,20,89,0.37264998609470806,0.5708554885072814,0.7002061787269673
magi,,28.0,0.0005,20,9,0.6466147114926585,0.9908676183394439,1.2028942494982495
magi,,28.0,0.0005,20,90,0.7066272036297968,1.0837169762751213,1.3161134344892664
magi,,28.0,0.0005,20,91,0.3316631888573412,0.5043171839389314,0.6175438134207852
magi,,28.0,0.0005,20,92,0.3698698007871865,0.5723066569237959,0.6923441639669177
magi,,28.0,0.0005,20,93,0.32664732717858397,0.49277275760273076,0.6094737307364922
magi,,28.0,0.0005,20,94,0.16267617413005353,0.21522536925361388,0.2697627970981522
magi,,28.0,0.0005,20,95,0.20197024442934963,0.28930385894120614,0.36391630130944014
magi,,28.0,0.0005,20,96,0.7838179150338288,1.197548737414836,1.4575972040193539
magi,,28.0,0.0005,20,97,0.388591022026853,0.5963644795753934,0.7259480031547839
magi,,28.0,0.0005,20,98,0.4514435388581765,0.6930197800696118,0.8435911535399848
magi,,28.0,0.0005,20,99,0.8601990143669921,1.3055171154542438,1.596734872345676
pinn,0.1,23.0,0.0005,20,0,6.542806733587074,7.235444081812626,7.890209842630449
pinn,0.1,23.0,0.0005,20,1,6.540133709093788,6.375791672452209,7.889369078172244
pinn,0.1,23.0,0.0005,20,10,6.544241325980321,7.837942022845197,7.879833909803556
pinn,0.1,23.0,0.0005,20,11,6.518801203926641,6.3559954060335855,7.871345051148759
pinn,0.1,23.0,0.0005,20,12,6.544076470465784,7.862256808417135,7.882645542402449
pinn,0.1,23.0,0.0005,20,13,6.540019369277542,6.683653600749064,7.910301911313
pinn,0.1,23.0,0.0005,20,14,6.539925372546668,6.733941301450025,7.893699706466394
pinn,0.1,23.0,0.0005,20,15,6.543830204679564,7.517465910493249,7.890248207734852
pinn,0.1,23.0,0.0005,20,16,6.549685438451992,8.94137328641824,7.886555398977296
pinn,0.1,23.0,0.0005,20,17,6.547625010169719,8.986105967045633,7.892517257772559
pinn,0.1,23.0,0.0005,20,18,6.542102694642022,7.17458695060297,7.887753729497128
pinn,0.1,23.0,0.0005,20,19,6.543588618047949,7.6415478369702186,7.884273956291671
pinn,0.1,23.0,0.0005,20,2,6.545085592484067,7.4950819365753265,7.887830406021211
pinn,0.1,23.0,0.0005,20,20,6.54370343066623,7.843896879969436,7.885249674614726
pinn,0.1,23.0,0.0005,20,21,6.553296854395933,8.449755031572815,7.872385601331597
pinn,0.1,23.0,0.0005,20,22,6.546567423244058,8.701131599325045,7.883859889731186
pinn,0.1,23.0,0.0005,20,23,6.544704350326399,7.765871087000528,7.892361121728304
pinn,0.1,23.0,0.0005,20,24,6.5426681123785695,7.217579569108036,7.878701721582408
pinn,0.1,23.0,0.0005,20,25,6.544675343043441,8.003746268318666,7.884997595182558
pinn,0.1,23.0,0.0005,20,26,6.54240505201111,7.136160543293759,7.896660645536354
pinn,0.1,23.0,0.0005,20,27,6.5428413568892125,7.326645422681512,7.894098479053621
pinn,0.1,23.0,0.0005,20,28,6.543428721935619,7.490659098088301,7.883245881553542
pinn,0.1,23.0,0.0005,20,29,6.544585649620377,8.043493899242396,7.8877507534600815
pinn,0.1,23.0,0.0005,20,3,6.535655432771735,6.4088692184396585,7.873057963252023
pinn,0.1,23.0,0.0005,20,30,6.54440579680833,7.796828924752075,7.89017632027197
pinn,0.1,23.0,0.0005,20,31,6.540910232329729,6.865614234751646,7.882796896973112
pinn,0.1,23.0,0.0005,20,32,6.539085686877181,6.519666420539111,7.885673775988294
pinn,0.1,23.0,0.0005,20,33,6.5442867495055435,9.120683842032962,7.90631972351824
pinn,0.1,23.0,0.0005,20,34,6.541775218761334,7.479026325879639,7.94433491869026
pinn,0.1,23.0,0.0005,20,35,6.541872380150736,7.213211081568429,7.8853368062315585
pinn,0.1,23.0,0.0005,20,36,6.54179137980954,6.887360199011533,7.886805730329495
pinn,0.1,23.0,0.0005,20,37,6.543475508964697,7.462136227888154,7.886116477915177
pinn,0.1,23.0,0.0005,20,38,6.546590226053549,8.506640266640796,7.8913021522705895
pinn,0.1,23.0,0.0005,20,39,6.333479541094869,7.575580778798149,10.76963294134658
pinn,0.1,23.0,0.0005,20,4,6.54021694224775,6.54789266561897,7.871856747661134
pinn,0.1,23.0,0.0005,20,40,6.542020537269757,7.00683478747943,7.883008640788395
pinn,0.1,23.0,0.0005,20,41,6.547179216072676,8.360215655794502,7.888071902893802
pinn,0.1,23.0,0.0005,20,42,6.543185215842026,7.490832907715352,7.878751283540254
pinn,0.1,23.0,0.0005,20,43,6.543459684886936,7.6115252084894784,7.883752538650939
pinn,0.1,23.0,0.0005,20,44,6.546258255884912,8.053042063698287,7.892096676831201
pinn,0.1,23.0,0.0005,20,45,6.545083562303871,8.042503479121313,7.888184442578682
pinn,0.1,23.0,0.0005,20,46,4.213733507695011,5.5977655075390675,7.364913161516672
pinn,0.1,23.0,0.0005,20,47,6.5447374538872936,7.84922287867558,7.891747068439654
pinn,0.1,23.0,0.0005,20,48,6.544820103398329,7.864150684785251,7.889187908673919
pinn,0.1,23.0,0.0005,20,49,6.543119153441342,7.355631880429154,7.885285613191507
pinn,0.1,23.0,0.0005,20,5,6.541663976325926,8.521719573638636,7.913593045299897
pinn,0.1,23.0,0.0005,20,50,8.208950900006162,9.732451045286583,8.904532181783217
pinn,0.1,23.0,0.0005,20,51,6.542610894762617,7.052105168616894,7.861486738555112
pinn,0.1,23.0,0.0005,20,52,6.540392506292393,7.7866733708816795,7.882213615903206
pinn,0.1,23.0,0.0005,20,53,6.540357536686079,6.8335197868699264,7.864940108338984
pinn,0.1,23.0,0.0005,20,54,6.530859381762432,5.675638920183874,7.9749580905003015
pinn,0.1,23.0,0.0005,20,55,6.537848143125498,6.151999384785948,7.898894551172145
pinn,0.1,23.0,0.0005,20,56,6.539448218965552,6.5267147662091025,7.890648570126388
pinn,0.1,23.0,0.0005,20,57,6.544316721362695,7.868633720819279,7.884103143738487
pinn,0.1,23.0,0.0005,20,58,6.543116027198315,7.50251837420934,7.8760133530735486
pinn,0.1,23.0,0.0005,20,59,6.5455677000179024,7.4594715038761725,7.909597424236442
pinn,0.1,23.0,0.0005,20,6,6.521542851287462,5.949774090313298,7.981317537190209
pinn,0.1,23.0,0.0005,20,60,6.546386161870241,8.17155914601958,7.890464676540905
pinn,0.1,23.0,0.0005,20,61,6.542912838433791,7.37365546172934,7.88033457846155
pinn,0.1,23.0,0.0005,20,62,6.517854248941194,6.644848685154344,8.149313199242771
pinn,0.1,23.0,0.0005,20,63,6.519580398480289,6.107244339711527,8.113329432497355
pinn,0.1,23.0,0.0005,20,64,6.520708901134911,5.987502370119223,8.013952217034124
pinn,0.1,23.0,0.0005,20,65,6.5448391381171,7.925123359549183,7.89559030006581
pinn,0.1,23.0,0.0005,20,66,6.543089461249564,7.517784948609524,7.88334084600374
pinn,0.1,23.0,0.0005,20,67,6.543597405759222,7.540421415643889,7.889067525222383
pinn,0.1,23.0,0.0005,20,68,6.544024429860453,7.832557577108261,7.883685780574734
pinn,0.1,23.0,0.0005,20,69,6.545473318588977,7.794296736162143,7.893774627922442
pinn,0.1,23.0,0.0005,20,7,6.545790347614072,8.047175000918603,7.88704287215
pinn,0.1,23.0,0.0005,20,70,6.547045343049967,8.100679895998631,7.861539743950648
pinn,0.1,23.0,0.0005,20,71,6.54702106536542,8.413201229371458,7.894998661124423
pinn,0.1,23.0,0.0005,20,72,6.529925267249062,5.882346827965145,7.948379882699142
pinn,0.1,23.0,0.0005,20,73,6.5179249110778334,5.984984734649731,8.059974863354375
pinn,0.1,23.0,0.0005,20,74,6.543895562085736,7.720471867103211,7.886182547105582
pinn,0.1,23.0,0.0005,20,75,6.541916655922369,7.095787342621106,7.8930723116227695
pinn,0.1,23.0,0.0005,20,76,6.528250591694443,6.171830892358684,8.005096403266602
pinn,0.1,23.0,0.0005,20,77,6.518064364915453,6.24319156273192,7.834435912760165
pinn,0.1,23.0,0.0005,20,78,6.545334819844774,7.988185378582662,7.9027210984556495
pinn,0.1,23.0,0.0005,20,79,6.545264143086031,8.257718435872313,7.890355805257653
pinn,0.1,23.0,0.0005,20,8,8.177428132052938,9.746690480061224,8.885818436531315
pinn,0.1,23.0,0.0005,20,80,6.551141175939421,9.393692677883612,7.866806665231182
pinn,0.1,23.0,0.0005,20,81,6.544365035398428,7.659994173808045,7.8926439135743625
pinn,0.1,23.0,0.0005,20,82,6.543854761508131,7.782659854648845,7.8856564120862584
pinn,0.1,23.0,0.0005,20,83,6.543769335295957,7.559349859031823,7.884794318370288
pinn,0.1,23.0,0.0005,20,84,6.543272183760104,7.135790112817387,7.875855010987773
pinn,0.1,23.0,0.0005,20,85,6.545989641655452,7.749967476610225,7.898543506391916
pinn,0.1,23.0,0.0005,20,86,6.534870987861851,6.135009986368283,7.900519425085032
pinn,0.1,23.0,0.0005,20,87,6.544902015666747,7.951474551307253,7.883727687783131
pinn,0.1,23.0,0.0005,20,88,6.529935548720594,5.938840339769768,7.823941567298139
pinn,0.1,23.0,0.0005,20,89,6.554662085959024,7.835677641219229,7.843586099247998
pinn,0.1,23.0,0.0005,20,9,6.545567607997275,7.878751664561142,7.8667389256778835
pinn,0.1,23.0,0.0005,20,90,6.544353364058974,8.19757192970126,7.895587585480922
pinn,0.1,23.0,0.0005,20,91,6.5425940010460595,7.292791537295265,7.876445047642642
pinn,0.1,23.0,0.0005,20,92,6.542088088027309,7.131753656097945,7.881141282025767
pinn,0.1,23.0,0.0005,20,93,6.518543542611366,5.916341761333294,8.058593121976681
pinn,0.1,23.0,0.0005,20,94,6.541854701639256,7.054709657297111,7.885073758005924
pinn,0.1,23.0,0.0005,20,95,6.5444431007650685,7.964349134894185,7.9154701363090565
pinn,0.1,23.0,0.0005,20,96,6.035697254614644,5.755261243638134,17.079176428697583
pinn,0.1,23.0,0.0005,20,97,6.546184588322096,8.410610867885891,7.887751807263263
pinn,0.1,23.0,0.0005,20,98,6.545892229033554,7.9806990771147,7.888121403633063
pinn,0.1,23.0,0.0005,20,99,6.5447374370265425,7.576748437216575,7.892769881420325
pinn,0.1,28.0,0.0005,20,0,8.471725714975971,4.9274900919454385,6.491385835642113
pinn,0.1,28.0,0.0005,20,1,8.475414715049242,4.897923785825979,6.478992013166821
pinn,0.1,28.0,0.0005,20,10,8.477620455751023,5.072587007201787,6.491587337083419
pinn,0.1,28.0,0.0005,20,11,8.475176042070164,4.976694316931792,6.485521506335764
pinn,0.1,28.0,0.0005,20,12,8.47595066525895,4.8693212081968085,6.480656102207644
pinn,0.1,28.0,0.0005,20,13,8.474114636619937,4.869382768743943,6.485345033745541
pinn,0.1,28.0,0.0005,20,14,8.471451485172318,4.913321312594704,6.480460970855242
pinn,0.1,28.0,0.0005,20,15,8.475607703813763,4.892028219193058,6.481447481419731
pinn,0.1,28.0,0.0005,20,16,8.475901335493155,4.895204828069208,6.487739355717375
pinn,0.1,28.0,0.0005,20,17,8.468607933186798,4.868227304630473,6.478586480016
pinn,0.1,28.0,0.0005,20,18,8.47656269318045,4.990473094472355,6.481557939159521
pinn,0.1,28.0,0.0005,20,19,8.480439700910141,5.208038914156873,6.4872529879491765
pinn,0.1,28.0,0.0005,20,2,8.46991471786087,5.342221231563797,6.505126368420342
pinn,0.1,28.0,0.0005,20,20,8.474175348752418,4.877628789467295,6.48111476658005
pinn,0.1,28.0,0.0005,20,21,8.473173716277014,4.86920804260958,6.482113019598382
pinn,0.1,28.0,0.0005,20,22,8.485007897105008,6.509568820877142,6.478619581929121
pinn,0.1,28.0,0.0005,20,23,8.461374274508957,4.91093073942154,6.478011006525445
pinn,0.1,28.0,0.0005,20,24,8.459696952389235,4.870424585713467,6.477228004092608
pinn,0.1,28.0,0.0005,20,25,8.480157317691317,5.276205082045121,6.493674955710294
pinn,0.1,28.0,0.0005,20,26,8.474280134881306,4.869837969028345,6.488817947278626
pinn,0.1,28.0,0.0005,20,27,8.461991964734754,4.88946801547636,6.478515911910014
pinn,0.1,28.0,0.0005,20,28,8.464963413838193,4.9107771217126,6.478130705366839
pinn,0.1,28.0,0.0005,20,29,8.47830801414881,4.9601494031761355,6.479616114945786
pinn,0.1,28.0,0.0005,20,3,8.477652012768827,4.990868080702711,6.480308837015588
pinn,0.1,28.0,0.0005,20,30,8.467893297629598,4.876499179945913,6.477979051916383
pinn,0.1,28.0,0.0005,20,31,8.473808604890516,4.881392593244554,6.481670779907958
pinn,0.1,28.0,0.0005,20,32,8.475106043368788,5.086505272169396,6.4855573416780885
pinn,0.1,28.0,0.0005,20,33,8.468915511417098,5.074690960602458,6.4973980239714795
pinn,0.1,28.0,0.0005,20,34,8.474683841957143,4.920315623465767,6.492666501006754
pinn,0.1,28.0,0.0005,20,35,8.471726908777503,5.031969524684363,6.481912846719099
pinn,0.1,28.0,0.0005,20,36,8.47097184814522,4.869370918442156,6.478216195228736
pinn,0.1,28.0,0.0005,20,37,8.461359723243282,5.765965000415114,6.478384672574667
pinn,0.1,28.0,0.0005,20,38,8.470631811668447,5.14094574734263,6.48434433244879
pinn,0.1,28.0,0.0005,20,39,8.465000600786109,4.8943767534255205,6.479284965840768
pinn,0.1,28.0,0.0005,20,4,8.48234475039943,5.455718312460779,6.487321938544969
pinn,0.1,28.0,0.0005,20,40,8.480466478285738,5.276066066334147,6.4820962575606575
pinn,0.1,28.0,0.0005,20,41,8.476983171768762,5.0219855467543315,6.488827300565126
pinn,0.1,28.0,0.0005,20,42,8.475790453335682,5.279124480512395,6.494367332886231
pinn,0.1,28.0,0.0005,20,43,8.468026057181161,4.954100337651542,6.48170946708696
pinn,0.1,28.0,0.0005,20,44,8.471907327626369,4.870686540729196,6.478946115188053
pinn,0.1,28.0,0.0005,20,45,8.472994161720582,4.918760207868835,6.480891955462843
pinn,0.1,28.0,0.0005,20,46,8.465586124067917,4.931294704943284,6.487931868798024
pinn,0.1,28.0,0.0005,20,47,8.453664936902388,4.90290642386391,6.477900918619083
pinn,0.1,28.0,0.0005,20,48,8.476609536761782,4.934100616889549,6.485727456753447
pinn,0.1,28.0,0.0005,20,49,8.480049009167104,5.310316013453759,6.48829402806588
pinn,0.1,28.0,0.0005,20,5,8.461718620911357,4.8704926366498515,6.482440020902209
pinn,0.1,28.0,0.0005,20,50,8.472404219460602,4.867219444859619,6.482489865792317
pinn,0.1,28.0,0.0005,20,51,8.47246079964067,4.8773568216547485,6.484157754918384
pinn,0.1,28.0,0.0005,20,52,8.468835720809714,4.87667872651211,6.497143286405644
pinn,0.1,28.0,0.0005,20,53,8.471405239429203,4.86786759785291,6.4890861087401035
pinn,0.1,28.0,0.0005,20,54,8.472195596829954,4.868824219066712,6.4780706320058705
pinn,0.1,28.0,0.0005,20,55,8.476896124667277,4.869003642312559,6.481118151452237
pinn,0.1,28.0,0.0005,20,56,8.464427900632813,4.896251486358339,6.478194597498757
pinn,0.1,28.0,0.0005,20,57,8.472521372648918,4.867415895583054,6.480325738053302
pinn,0.1,28.0,0.0005,20,58,8.458917743001809,4.881226581705984,6.4823460442309635
pinn,0.1,28.0,0.0005,20,59,8.463545854998316,4.896846945717595,6.478026891208534
pinn,0.1,28.0,0.0005,20,6,8.45852462161233,4.907701596367977,6.478024119481116
pinn,0.1,28.0,0.0005,20,60,8.484350122264697,5.643712190894657,6.481098516862618
pinn,0.1,28.0,0.0005,20,61,8.478285974556432,5.259010613553295,6.491334456880224
pinn,0.1,28.0,0.0005,20,62,8.475059329712725,4.87859696958581,6.479870067086961
pinn,0.1,28.0,0.0005,20,63,8.476402992417112,4.964220603106565,6.4799211624459785
pinn,0.1,28.0,0.0005,20,64,8.478087909971837,4.87925144707012,6.4799051896763995
pinn,0.1,28.0,0.0005,20,65,8.479505681529625,5.016227499101708,6.479559009472058
pinn,0.1,28.0,0.0005,20,66,8.470114675274921,4.869065124784375,6.4805306377649465
pinn,0.1,28.0,0.0005,20,67,8.470649401885916,4.882782232616624,6.478035022684828
pinn,0.1,28.0,0.0005,20,68,8.457618410479567,4.870585748793277,6.478048330283072
pinn,0.1,28.0,0.0005,20,69,8.476562562517664,4.956321210382166,6.478972273347455
pinn,0.1,28.0,0.0005,20,7,8.476041512939547,4.874643290945533,6.479396385401077
pinn,0.1,28.0,0.0005,20,70,8.477632234245474,4.867790147020124,6.477013554083816
pinn,0.1,28.0,0.0005,20,71,8.482608147443868,5.458542383732801,6.480540455608281
pinn,0.1,28.0,0.0005,20,72,8.46982458755387,4.894491146537534,6.477894838968579
pinn,0.1,28.0,0.0005,20,73,8.473926583040758,4.935284342365717,6.495328951856132
pinn,0.1,28.0,0.0005,20,74,8.463468047343772,5.937972651678439,6.52311927492449
pinn,0.1,28.0,0.0005,20,75,8.461976822449083,4.9042018418907904,6.478381873484978
pinn,0.1,28.0,0.0005,20,76,8.480233464313846,5.683988217573022,6.483975703530636
pinn,0.1,28.0,0.0005,20,77,8.471195726751093,4.962973666396412,6.481177086828968
pinn,0.1,28.0,0.0005,20,78,8.456959049791534,4.904573134085403,6.478119428535445
pinn,0.1,28.0,0.0005,20,79,8.459174936555554,4.867310808765965,6.48501780563253
pinn,0.1,28.0,0.0005,20,8,8.449496126237399,4.877822207393962,6.516743293527981
pinn,0.1,28.0,0.0005,20,80,8.484595502496248,5.756381096254977,6.475745587481186
pinn,0.1,28.0,0.0005,20,81,8.467544814967221,6.199892137137066,8.592470879517817
pinn,0.1,28.0,0.0005,20,82,8.472609783931336,4.883662747101062,6.477777792777753
pinn,0.1,28.0,0.0005,20,83,8.487780153343847,6.6936642379088545,6.477095255564835
pinn,0.1,28.0,0.0005,20,84,8.467705163810223,4.8799273953666695,6.480717083335819
pinn,0.1,28.0,0.0005,20,85,8.462559788789054,4.8739953871135615,6.477910614877099
pinn,0.1,28.0,0.0005,20,86,8.476117126598258,5.138444874971123,6.484221474141933
pinn,0.1,28.0,0.0005,20,87,8.453770845076518,4.8882920196965545,6.47788109641079
pinn,0.1,28.0,0.0005,20,88,8.478291907727439,5.851396355093747,6.475239686114382
pinn,0.1,28.0,0.0005,20,89,8.478591845249944,5.029832039589756,6.480198610433938
pinn,0.1,28.0,0.0005,20,9,8.47631787707533,4.894099245476755,6.481714250729784
pinn,0.1,28.0,0.0005,20,90,8.478076165880031,5.23276914150653,6.488176043043838
pinn,0.1,28.0,0.0005,20,91,8.475206359567313,4.960414429657641,6.478243180816427
pinn,0.1,28.0,0.0005,20,92,8.465107768058845,4.90450611433203,6.480084578557203
pinn,0.1,28.0,0.0005,20,93,8.459972071219962,4.882761429017264,6.478349622786012
pinn,0.1,28.0,0.0005,20,94,8.46737791406901,5.032486051337002,6.480109113614969
pinn,0.1,28.0,0.0005,20,95,8.484697747554112,5.823898645219654,6.481142528342208
pinn,0.1,28.0,0.0005,20,96,8.477389722220206,4.949491645264453,6.485787590689105
pinn,0.1,28.0,0.0005,20,97,8.458402306243773,4.867428630413759,6.478534326308586
pinn,0.1,28.0,0.0005,20,98,8.47572842592849,4.871855573489524,6.480992711448954
pinn,0.1,28.0,0.0005,20,99,8.472806880938943,4.870524451144191,6.481638742224139
pinn,1.0,23.0,0.0005,20,0,6.564734627431911,7.312812540926062,17.485537957570838
pinn,1.0,23.0,0.0005,20,1,6.517504765133534,7.320592879845166,17.428680755401842
pinn,1.0,23.0,0.0005,20,10,6.522788801723003,7.328756952133561,17.46335131428515
pinn,1.0,23.0,0.0005,20,11,6.5015036580706616,7.331187672016587,17.432885615554
pinn,1.0,23.0,0.0005,20,12,6.523525856902245,7.323634296652283,17.46558765139647
pinn,1.0,23.0,0.0005,20,13,6.524951477011215,7.322641569245063,17.452568300755722
pinn,1.0,23.0,0.0005,20,14,6.523123862924802,7.322409225748775,17.46728233330519
pinn,1.0,23.0,0.0005,20,15,6.52326138384302,7.322961451670399,17.464529482893095
pinn,1.0,23.0,0.0005,20,16,6.550012362695324,7.316468239934686,17.512753000395588
pinn,1.0,23.0,0.0005,20,17,6.527430234663552,7.331024805819506,17.485745448786794
pinn,1.0,23.0,0.0005,20,18,6.52179564693491,7.319102642014353,17.432935438015907
pinn,1.0,23.0,0.0005,20,19,6.530655929034163,7.32635717055636,17.464064662808717
pinn,1.0,23.0,0.0005,20,2,6.53481887083213,7.3084023902113,17.297257032369423
pinn,1.0,23.0,0.0005,20,20,6.524266447452574,7.323501881493125,17.464545716247574
pinn,1.0,23.0,0.0005,20,21,6.562446818301964,7.30056376084962,17.463928008863427
pinn,1.0,23.0,0.0005,20,22,6.523868229325359,7.327186540982154,17.45870902230206
pinn,1.0,23.0,0.0005,20,23,6.528382892121977,7.317511953484257,17.483925647774356
pinn,1.0,23.0,0.0005,20,24,6.520429802646179,7.325839282080719,17.45508372439925
pinn,1.0,23.0,0.0005,20,25,6.510983147788933,7.329867159931046,17.443054999335
pinn,1.0,23.0,0.0005,20,26,6.533179152926625,7.320036482659216,17.484425484920447
pinn,1.0,23.0,0.0005,20,27,6.524564099028489,7.3231346879712795,17.464192431169817
pinn,1.0,23.0,0.0005,20,28,6.5163082358771005,7.325530207771528,17.451154345368426
pinn,1.0,23.0,0.0005,20,29,6.534077744560512,7.327626498003649,17.482762880807442
pinn,1.0,23.0,0.0005,20,3,6.526261274286118,7.320872708250847,17.459467858369063
pinn,1.0,23.0,0.0005,20,30,5.193292329134169,6.532790385157931,8.131771624693664
pinn,1.0,23.0,0.0005,20,31,6.5200947688944755,7.3271953965534635,17.45977550220458
pinn,1.0,23.0,0.0005,20,32,6.522989999615462,7.324456558198188,17.459105707519047
pinn,1.0,23.0,0.0005,20,33,6.516830920561585,7.3333139216639776,17.464977648332702
pinn,1.0,23.0,0.0005,20,34,6.531948419752809,7.31101173819447,17.474765473062828
pinn,1.0,23.0,0.0005,20,35,6.515702104656833,7.322057462671999,17.468506799289166
pinn,1.0,23.0,0.0005,20,36,6.539813178053942,7.320049821533249,17.48405391939587
pinn,1.0,23.0,0.0005,20,37,6.494861451527809,7.329228024904547,17.452689793539445
pinn,1.0,23.0,0.0005,20,38,6.527993373665114,7.32097357119483,17.480043338980536
pinn,1.0,23.0,0.0005,20,39,6.519181638793774,7.327416105634493,17.497939649831395
pinn,1.0,23.0,0.0005,20,4,6.523812168257661,7.323830641319596,17.46258766508401
pinn,1.0,23.0,0.0005,20,40,6.520042565097009,7.323483926836148,17.491750146194146
pinn,1.0,23.0,0.0005,20,41,6.537068577280104,7.334978412171891,17.485560515105835
pinn,1.0,23.0,0.0005,20,42,6.534286111930215,7.321802038259803,17.465580931566468
pinn,1.0,23.0,0.0005,20,43,6.501654612765938,7.323223879429228,17.440159242255433
pinn,1.0,23.0,0.0005,20,44,6.540380236435469,7.325411821492364,17.473908671677176
pinn,1.0,23.0,0.0005,20,45,6.5209794405255685,7.32501190399949,17.459553587096398
pinn,1.0,23.0,0.0005,20,46,6.523329448151727,7.324135281461016,17.456222117411542
pinn,1.0,23.0,0.0005,20,47,6.523044584422363,7.325579828580304,17.4687474030791
pinn,1.0,23.0,0.0005,20,48,6.520323878382241,7.319365014933572,17.437283888289606
pinn,1.0,23.0,0.0005,20,49,6.510626107220184,7.327018838039334,17.458101232453686
pinn,1.0,23.0,0.0005,20,5,6.52819860089819,7.317009421216802,17.497200147536375
pinn,1.0,23.0,0.0005,20,50,6.522499876974662,7.322999562739589,17.462355046107902
pinn,1.0,23.0,0.0005,20,51,6.51626470475406,7.317388739632318,17.429489940504883
pinn,1.0,23.0,0.0005,20,52,6.509097223802049,7.306699213339062,17.47401915461503
pinn,1.0,23.0,0.0005,20,53,6.560545314499652,7.3096684682837285,17.508482028108556
pinn,1.0,23.0,0.0005,20,54,6.5272334536542225,7.325740275499027,17.46428432225186
pinn,1.0,23.0,0.0005,20,55,6.5239655948952215,7.324630406920374,17.464796132890875
pinn,1.0,23.0,0.0005,20,56,6.519951732727335,7.324406606986094,17.473085531980413
pinn,1.0,23.0,0.0005,20,57,6.515037884549609,7.330489184626851,17.44626010291953
pinn,1.0,23.0,0.0005,20,58,6.521231293019191,7.321398271642772,17.423075674910276
pinn,1.0,23.0,0.0005,20,59,6.523529973331122,7.323329567772925,17.459836974754793
pinn,1.0,23.0,0.0005,20,6,6.514655927309483,7.3357173966147515,17.38903449489686
pinn,1.0,23.0,0.0005,20,60,6.548786513716676,7.316227616468661,17.50164101916233
pinn,1.0,23.0,0.0005,20,61,6.544764239360167,7.296872081246017,17.494033648244155
pinn,1.0,23.0,0.0005,20,62,6.525330471184617,7.323597904971367,17.467397785579575
pinn,1.0,23.0,0.0005,20,63,6.522064139952765,7.327175211385933,17.466623355722273
pinn,1.0,23.0,0.0005,20,64,6.522156370232453,7.3235895982671595,17.462063157954987
pinn,1.0,23.0,0.0005,20,65,6.52136120073695,7.328851544331402,17.47668036995184
pinn,1.0,23.0,0.0005,20,66,6.5229437913419845,7.323308099494321,17.46378349883625
pinn,1.0,23.0,0.0005,20,67,6.499763112432243,7.33077997036828,17.449069972155907
pinn,1.0,23.0,0.0005,20,68,6.521732146166993,7.322484087202782,17.45439052555591
pinn,1.0,23.0,0.0005,20,69,6.505756527685782,7.3284906302693775,17.451845141431594
pinn,1.0,23.0,0.0005,20,7,6.510609997465471,7.324850766096987,17.452035220265
pinn,1.0,23.0,0.0005,20,70,6.522584438756184,7.323599532734509,17.464588119122098
pinn,1.0,23.0,0.0005,20,71,6.523871867063442,7.320776868803263,17.452275678649617
pinn,1.0,23.0,0.0005,20,72,6.50625824786931,7.332250982635054,17.486815438619384
pinn,1.0,23.0,0.0005,20,73,6.51931953912213,7.3317390500458215,17.41899683747607
pinn,1.0,23.0,0.0005,20,74,6.532913043798457,7.338612833297502,17.46727695239145
pinn,1.0,23.0,0.0005,20,75,6.515953825036018,7.32643755472911,17.459418798719824
pinn,1.0,23.0,0.0005,20,76,6.521986474752467,7.32273394075149,17.466571030242523
pinn,1.0,23.0,0.0005,20,77,6.527915152099513,7.331488392036704,17.46871018267204
pinn,1.0,23.0,0.0005,20,78,6.519992844234817,7.3266560013937925,17.458835051226583
pinn,1.0,23.0,0.0005,20,79,6.527902393361167,7.324166773484819,17.447274068440485
pinn,1.0,23.0,0.0005,20,8,6.524120685816296,7.32327137968989,17.464686358065048
pinn,1.0,23.0,0.0005,20,80,6.524458130904661,7.323248656054454,17.446947165748558
pinn,1.0,23.0,0.0005,20,81,6.529600831924311,7.323098664382255,17.43568868609689
pinn,1.0,23.0,0.0005,20,82,6.5284861409573525,7.319817563325967,17.45891905056835
pinn,1.0,23.0,0.0005,20,83,6.511449169518038,7.342946814085976,17.456206840498474
pinn,1.0,23.0,0.0005,20,84,6.52125597449598,7.319101109131558,17.449609817363033
pinn,1.0,23.0,0.0005,20,85,6.535336349074369,7.321205815217957,17.50126417292271
pinn,1.0,23.0,0.0005,20,86,6.497252749596096,7.332479363874138,17.419472765308186
pinn,1.0,23.0,0.0005,20,87,6.532942189513407,7.324093995211567,17.465964098474497
pinn,1.0,23.0,0.0005,20,88,6.522815955773736,7.3198260426875565,17.550551384728042
pinn,1.0,23.0,0.0005,20,89,6.523422491042278,7.323421329630375,17.462741452665078
pinn,1.0,23.0,0.0005,20,9,6.486410051421004,7.325129878092545,17.432765680743863
pinn,1.0,23.0,0.0005,20,90,6.524465723066792,7.328971376877171,17.47932779027179
pinn,1.0,23.0,0.0005,20,91,6.52173113291241,7.312282332780601,17.526553936691954
pinn,1.0,23.0,0.0005,20,92,6.522527211990408,7.3246178747651784,17.46080801362521
pinn,1.0,23.0,0.0005,20,93,6.524414410469465,7.331934655385937,17.49626129870189
pinn,1.0,23.0,0.0005,20,94,6.519771993964784,7.324659161280452,17.458773032062535
pinn,1.0,23.0,0.0005,20,95,6.488667817056637,7.334287475200579,17.416833112796393
pinn,1.0,23.0,0.0005,20,96,6.523416886984743,7.323237472508539,17.458369290864674
pinn,1.0,23.0,0.0005,20,97,6.525962257602443,7.323656793648761,17.46845110113369
pinn,1.0,23.0,0.0005,20,98,6.5113900374117835,7.334773398808034,17.444578107903443
pinn,1.0,23.0,0.0005,20,99,6.5166470699630965,7.3286273008974625,17.42899125395925
pinn,1.0,28.0,0.0005,20,0,7.745870645279404,8.540615799859978,21.777199083784367
pinn,1.0,28.0,0.0005,20,1,7.704050249108626,8.541182101302159,21.765817275354703
pinn,1.0,28.0,0.0005,20,10,7.767617695227653,8.53094953885619,21.770665643381772
pinn,1.0,28.0,0.0005,20,11,7.745215346244509,8.522250060834656,20.718647794352414
pinn,1.0,28.0,0.0005,20,12,7.7464901531600265,8.547416668119855,21.755787242946383
pinn,1.0,28.0,0.0005,20,13,7.795813653058383,8.50923879623563,21.83842571892044
pinn,1.0,28.0,0.0005,20,14,7.783051927407524,8.52170399939893,21.74655390927132
pinn,1.0,28.0,0.0005,20,15,7.770909714204351,8.517943439973891,21.805943623531086
pinn,1.0,28.0,0.0005,20,16,7.787208684704595,8.527993187699751,21.798094215525396
pinn,1.0,28.0,0.0005,20,17,7.766831761154339,8.524140678334334,21.76158501780253
pinn,1.0,28.0,0.0005,20,18,7.7763142352756915,8.523081383765444,21.759803260014717
pinn,1.0,28.0,0.0005,20,19,7.785654839577271,8.524813548585,21.81914120439751
pinn,1.0,28.0,0.0005,20,2,7.7830542017882465,8.525954621918356,21.806192164123814
pinn,1.0,28.0,0.0005,20,20,7.797681081911275,8.51613032859237,21.808036198517712
pinn,1.0,28.0,0.0005,20,21,3.1174802257983676,4.288128283976435,5.81969306727981
pinn,1.0,28.0,0.0005,20,22,7.799790554212307,8.515614646354736,21.859058556886453
pinn,1.0,28.0,0.0005,20,23,7.798554221567952,8.517930094275654,21.818940806718995
pinn,1.0,28.0,0.0005,20,24,7.7832561875759945,8.527988382949733,21.812176816252222
pinn,1.0,28.0,0.0005,20,25,7.786511109719142,8.525330787439518,21.81144242999396
pinn,1.0,28.0,0.0005,20,26,7.780833089651854,8.539017194997914,21.788217655957787
pinn,1.0,28.0,0.0005,20,27,7.786993496668296,8.522889147675514,21.800209992397637
pinn,1.0,28.0,0.0005,20,28,7.783197607271505,8.526597443152122,21.811027081617866
pinn,1.0,28.0,0.0005,20,29,7.779528619795945,8.527949034743276,21.795057673502015
pinn,1.0,28.0,0.0005,20,3,7.772532486272252,8.527085744278024,21.77555770880951
pinn,1.0,28.0,0.0005,20,30,7.793209786594699,8.507338927282932,21.813282069471338
pinn,1.0,28.0,0.0005,20,31,7.809285437659518,8.51549634548824,21.81919283554263
pinn,1.0,28.0,0.0005,20,32,7.756793717200165,8.542807617408288,21.752874162724584
pinn,1.0,28.0,0.0005,20,33,7.755201468483891,8.539528646727144,21.805289764136656
pinn,1.0,28.0,0.0005,20,34,7.79796332858059,8.51584730803175,21.81179381396997
pinn,1.0,28.0,0.0005,20,35,7.844571735189672,8.50882751841089,21.839828697980614
pinn,1.0,28.0,0.0005,20,36,7.781336693323101,8.508334443244802,21.767748312571918
pinn,1.0,28.0,0.0005,20,37,7.782355399901169,8.525865786469526,21.816217891838594
pinn,1.0,28.0,0.0005,20,38,7.771139024029088,8.54393894024857,21.748107308459538
pinn,1.0,28.0,0.0005,20,39,7.761406236473154,8.535581487769639,21.798718553434615
pinn,1.0,28.0,0.0005,20,4,7.784959888711783,8.53454104405433,21.819549126580124
pinn,1.0,28.0,0.0005,20,40,7.751926408611009,8.555830138618742,21.745485487666688
pinn,1.0,28.0,0.0005,20,41,3.4459466931668095,4.765373982729991,6.384747108490118
pinn,1.0,28.0,0.0005,20,42,7.772783269763439,8.532141457602926,21.77570347462699
pinn,1.0,28.0,0.0005,20,43,7.771424817941042,8.524141535754433,21.78384029059055
pinn,1.0,28.0,0.0005,20,44,7.782833689165856,8.514853466485903,21.809077056211926
pinn,1.0,28.0,0.0005,20,45,7.777921597020336,8.524375727163783,21.801025786631584
pinn,1.0,28.0,0.0005,20,46,7.790279575169823,8.523198217513677,21.806323325275677
pinn,1.0,28.0,0.0005,20,47,7.791634827744369,8.528095520975146,21.823116516943273
pinn,1.0,28.0,0.0005,20,48,7.775123596688188,8.529612964990452,21.818222340670406
pinn,1.0,28.0,0.0005,20,49,7.767758748612855,8.50370952059744,21.82100544481471
pinn,1.0,28.0,0.0005,20,5,7.787034465163869,8.526960419140988,21.8241541487487
pinn,1.0,28.0,0.0005,20,50,7.77876663294139,8.528759611854335,21.693505181051748
pinn,1.0,28.0,0.0005,20,51,7.769576025446299,8.531946259279094,21.79864516386317
pinn,1.0,28.0,0.0005,20,52,7.782425428251412,8.517453016875407,21.84133984478145
pinn,1.0,28.0,0.0005,20,53,7.797815359958158,8.518993947666434,21.767287342569347
pinn,1.0,28.0,0.0005,20,54,7.817510460083649,8.527399542893438,21.88999741828303
pinn,1.0,28.0,0.0005,20,55,7.783529181646601,8.521073275171789,21.8550022059294
pinn,1.0,28.0,0.0005,20,56,7.804462885131896,8.52226161260799,21.794868345922843
pinn,1.0,28.0,0.0005,20,57,7.759028376470566,8.53067704112254,21.788680933228882
pinn,1.0,28.0,0.0005,20,58,7.798037810626357,8.536347755146078,21.872341407600818
pinn,1.0,28.0,0.0005,20,59,7.7890170796554985,8.528952440975967,21.813758185964605
pinn,1.0,28.0,0.0005,20,6,7.784046022002635,8.526123178062765,21.820310334594293
pinn,1.0,28.0,0.0005,20,60,3.049994674184339,4.212517531543658,5.678213245236829
pinn,1.0,28.0,0.0005,20,61,7.792916869686077,8.522236931778902,21.811105290329092
pinn,1.0,28.0,0.0005,20,62,7.781145948294218,8.534524353318437,21.723616688104272
pinn,1.0,28.0,0.0005,20,63,7.778620858644725,8.531147384723528,21.771467549150632
pinn,1.0,28.0,0.0005,20,64,7.783608478691266,8.5166691416901,21.904838380467453
pinn,1.0,28.0,0.0005,20,65,7.7821153265291905,8.524611578465978,21.802051247845274
pinn,1.0,28.0,0.0005,20,66,7.765721948758698,8.533581272062543,21.824978269249126
pinn,1.0,28.0,0.0005,20,67,7.785554254967895,8.512203586744198,21.79027330658266
pinn,1.0,28.0,0.0005,20,68,7.783226115516598,8.533667470460097,21.843346328563666
pinn,1.0,28.0,0.0005,20,69,3.1686319141992083,4.361406478010597,5.900364983728711
pinn,1.0,28.0,0.0005,20,7,7.790396030562178,8.515480549538978,21.91241738039556
pinn,1.0,28.0,0.0005,20,70,7.768249581631842,8.545870389613524,21.806644342144956
pinn,1.0,28.0,0.0005,20,71,7.775675984273055,8.524226376504185,21.821311797295674
pinn,1.0,28.0,0.0005,20,72,7.772252665232636,8.520503114718403,21.80479323549779
pinn,1.0,28.0,0.0005,20,73,7.777988213121151,8.520677377375204,21.772585488823765
pinn,1.0,28.0,0.0005,20,74,7.772375527137819,8.527955271999355,21.789448982116713
pinn,1.0,28.0,0.0005,20,75,7.776743455123051,8.528914164494408,21.76981789001898
pinn,1.0,28.0,0.0005,20,76,7.772847355978727,8.509708603576664,21.81327715278671
pinn,1.0,28.0,0.0005,20,77,7.805001733298293,8.522257043229127,21.82087496323428
pinn,1.0,28.0,0.0005,20,78,7.714702398470706,8.493854712270279,21.424850820696985
pinn,1.0,28.0,0.0005,20,79,7.796246909846002,8.535355150553059,21.80100410883459
pinn,1.0,28.0,0.0005,20,8,7.709766146437119,8.58179625837032,17.57430179292618
pinn,1.0,28.0,0.0005,20,80,7.798851024775676,8.528786467265054,21.779812155261865
pinn,1.0,28.0,0.0005,20,81,7.76800751059416,8.534089152130711,21.776294033757907
pinn,1.0,28.0,0.0005,20,82,7.7944022112056475,8.51968454848212,21.819805766146047
pinn,1.0,28.0,0.0005,20,83,7.777187381707437,8.525479849780215,21.817388370186066
pinn,1.0,28.0,0.0005,20,84,7.774044183570913,8.531810107915486,21.807682229636413
pinn,1.0,28.0,0.0005,20,85,7.788769728809682,8.523962123556352,21.807515902433114
pinn,1.0,28.0,0.0005,20,86,7.777674497450831,8.519331834118933,21.755821133102476
pinn,1.0,28.0,0.0005,20,87,7.773754509267226,8.525385675627023,21.818609084153074
pinn,1.0,28.0,0.0005,20,88,7.782485401167021,8.521989808707735,21.775133477824692
pinn,1.0,28.0,0.0005,20,89,7.783928036819545,8.519944780924362,21.817314102445152
pinn,1.0,28.0,0.0005,20,9,7.797435408788395,8.524937282325329,21.803547227755583
pinn,1.0,28.0,0.0005,20,90,7.794768913295674,8.588170402832981,21.72110839922429
pinn,1.0,28.0,0.0005,20,91,7.783128719418156,8.525533400684198,21.819490223410174
pinn,1.0,28.0,0.0005,20,92,7.777519865674527,8.527389613588515,21.778463557277032
pinn,1.0,28.0,0.0005,20,93,7.776165946788637,8.540636551419997,21.79199887693375
pinn,1.0,28.0,0.0005,20,94,7.771281197656161,8.53108842587878,21.776275998223774
pinn,1.0,28.0,0.0005,20,95,7.789279099672851,8.52305469671244,21.79745439294261
pinn,1.0,28.0,0.0005,20,96,7.742251268932907,8.541343266888454,21.793639689918855
pinn,1.0,28.0,0.0005,20,97,7.752935027123034,8.54209566129668,21.758531587712678
pinn,1.0,28.0,0.0005,20,98,7.7831822183035575,8.52805464667273,21.79737452613637
pinn,1.0,28.0,0.0005,20,99,7.779401916880762,8.534194209065909,21.78686853665589
pinn,10.0,23.0,0.0005,20,0,5.191922925592806,6.552770757749891,8.168176949341115
pinn,10.0,23.0,0.0005,20,1,5.17257588818119,6.5086044556868154,8.091829497984133
pinn,10.0,23.0,0.0005,20,10,5.042986593196407,6.346686471387876,7.896910679157543
pinn,10.0,23.0,0.0005,20,11,5.131129653030557,6.437622507497717,7.974158130747677
pinn,10.0,23.0,0.0005,20,12,6.545531093965186,7.303172700417359,17.50255452248599
pinn,10.0,23.0,0.0005,20,13,5.10163932738881,6.4050609634893005,7.986018546209498
pinn,10.0,23.0,0.0005,20,14,5.1221867487924415,6.434409126252809,7.944069891543178
pinn,10.0,23.0,0.0005,20,15,5.092642092406365,6.395678140555604,7.889965573292687
pinn,10.0,23.0,0.0005,20,16,5.142206830059853,6.447791087186267,8.015381790685886
pinn,10.0,23.0,0.0005,20,17,5.087227953757569,6.349176571769959,7.843308720849662
pinn,10.0,23.0,0.0005,20,18,5.120446374518023,6.417290958097386,8.00376059242709
pinn,10.0,23.0,0.0005,20,19,5.062812454377418,6.331005762087206,7.8449118475087865
pinn,10.0,23.0,0.0005,20,2,5.148279283868883,6.460798505099186,8.140801185709043
pinn,10.0,23.0,0.0005,20,20,5.097112133566081,6.358826689082637,7.925302263516371
pinn,10.0,23.0,0.0005,20,21,5.1438278526084735,6.46653902051994,8.064424415167997
pinn,10.0,23.0,0.0005,20,22,5.074053604597863,6.340069938205199,7.875831522635144
pinn,10.0,23.0,0.0005,20,23,5.176456447567274,6.509194215082038,8.101243694421752
pinn,10.0,23.0,0.0005,20,24,5.065117277778067,6.384024689576733,7.747426124584182
pinn,10.0,23.0,0.0005,20,25,5.063119791222829,6.320195663188584,7.805398039174616
pinn,10.0,23.0,0.0005,20,26,5.136931812066219,6.444808344119917,7.987309643834112
pinn,10.0,23.0,0.0005,20,27,5.1635867211604545,6.50411000515624,8.1198104786373
pinn,10.0,23.0,0.0005,20,28,5.102382711345821,6.389896374353709,7.9043589158834715
pinn,10.0,23.0,0.0005,20,29,5.115292492235584,6.407817411414305,7.990651121058227
pinn,10.0,23.0,0.0005,20,3,5.188738121446225,6.515830208012228,8.17099601741347
pinn,10.0,23.0,0.0005,20,30,5.13478556478166,6.416318541412345,7.970546963684649
pinn,10.0,23.0,0.0005,20,31,5.128484139330453,6.415919900383237,7.969875282673763
pinn,10.0,23.0,0.0005,20,32,5.074727368661728,6.363046757491658,7.884153564066077
pinn,10.0,23.0,0.0005,20,33,5.0568228071334715,6.319147225731593,7.822947715615132
pinn,10.0,23.0,0.0005,20,34,5.04207212143059,6.312238422479155,7.839181348688468
pinn,10.0,23.0,0.0005,20,35,5.017949034758782,6.250290034710042,7.7585044230986275
pinn,10.0,23.0,0.0005,20,36,5.056209197119175,6.299055830583459,7.8288442751130525
pinn,10.0,23.0,0.0005,20,37,5.117643834615558,6.395566592772652,7.964883622448749
pinn,10.0,23.0,0.0005,20,38,5.152496827384753,6.4535993688066595,8.060741003493089
pinn,10.0,23.0,0.0005,20,39,5.138777205403604,6.470245259795098,8.15843001935496
pinn,10.0,23.0,0.0005,20,4,5.17420184042518,6.52818636323362,8.190689698675712
pinn,10.0,23.0,0.0005,20,40,5.127539432550558,6.429866470984789,7.97687202372104
pinn,10.0,23.0,0.0005,20,41,5.029525751035782,6.265740093405142,7.7590188043248745
pinn,10.0,23.0,0.0005,20,42,5.139744798228426,6.4538985159946645,8.028454885431417
pinn,10.0,23.0,0.0005,20,43,12.875623408242532,13.74529517795385,6.960637093190186
pinn,10.0,23.0,0.0005,20,44,5.0292023494541205,6.2623483181569535,7.798767697389433
pinn,10.0,23.0,0.0005,20,45,5.105051706612125,6.392213083449763,7.937038216738424
pinn,10.0,23.0,0.0005,20,46,5.169476127078462,6.4600648531086025,8.01314633152802
pinn,10.0,23.0,0.0005,20,47,5.150739865642766,6.432309566781322,8.04262837407981
pinn,10.0,23.0,0.0005,20,48,5.111166958091395,6.403073440563371,7.938111823843974
pinn,10.0,23.0,0.0005,20,49,5.036503168876879,6.296743926519889,7.801765280734384
pinn,10.0,23.0,0.0005,20,5,5.044112146149742,6.309161864400001,7.77445039424262
pinn,10.0,23.0,0.0005,20,50,5.091761578665067,6.390299612271771,7.898651661545348
pinn,10.0,23.0,0.0005,20,51,5.043239141318026,6.291955829097503,7.7845977458878615
pinn,10.0,23.0,0.0005,20,52,5.135599638405293,6.440665316246467,7.986185942438775
pinn,10.0,23.0,0.0005,20,53,5.115611779267634,6.403727941014635,7.962197905888548
pinn,10.0,23.0,0.0005,20,54,5.081429339092895,6.35406024485088,7.8929994853112575
pinn,10.0,23.0,0.0005,20,55,6.520841690177902,7.310654099368186,17.471404898143664
pinn,10.0,23.0,0.0005,20,56,5.10326191439731,6.385072914984775,7.963382597857624
pinn,10.0,23.0,0.0005,20,57,5.130711702022639,6.454184099666212,7.957035938016263
pinn,10.0,23.0,0.0005,20,58,5.138942294911966,6.475549514544098,8.063802191345228
pinn,10.0,23.0,0.0005,20,59,5.084013978387055,6.3734379145709745,7.932751216213466
pinn,10.0,23.0,0.0005,20,6,5.137246131143561,6.444559211760864,8.045470247272416
pinn,10.0,23.0,0.0005,20,60,5.015630491168576,6.2635904546832935,7.711517336246676
pinn,10.0,23.0,0.0005,20,61,5.038115147709332,6.2965687409445845,7.787453206900057
pinn,10.0,23.0,0.0005,20,62,5.118755199332915,6.454984465129612,7.893602148860107
pinn,10.0,23.0,0.0005,20,63,5.085259162666546,6.360168842495116,7.864631186231601
pinn,10.0,23.0,0.0005,20,64,5.013768518505191,6.246167271443717,7.746318649806299
pinn,10.0,23.0,0.0005,20,65,5.066103704353929,6.33640892586176,7.7878657012637715
pinn,10.0,23.0,0.0005,20,66,5.093316076449805,6.382797407163722,7.925132491960019
pinn,10.0,23.0,0.0005,20,67,5.086861455213969,6.373090265179983,7.920633379189458
pinn,10.0,23.0,0.0005,20,68,5.1163052671277365,6.410740579916199,7.963233447157616
pinn,10.0,23.0,0.0005,20,69,5.142435066736058,6.440124925921966,8.028936951548724
pinn,10.0,23.0,0.0005,20,7,5.061740705103055,6.350036911421278,7.81404616192971
pinn,10.0,23.0,0.0005,20,70,5.117504906168103,6.400213643155288,7.8952143511563975
pinn,10.0,23.0,0.0005,20,71,5.130538266758687,6.425314785682382,8.041941114507027
pinn,10.0,23.0,0.0005,20,72,5.0130105031151935,6.258908763956248,7.792120521879091
pinn,10.0,23.0,0.0005,20,73,5.062632820563225,6.342231435941339,7.834381994237844
pinn,10.0,23.0,0.0005,20,74,5.083508714387374,6.354009611968012,7.88194197077436
pinn,10.0,23.0,0.0005,20,75,5.132623391870979,6.41499979013212,7.992096319547537
pinn,10.0,23.0,0.0005,20,76,5.027494005102234,6.2753014715712325,7.808991404947063
pinn,10.0,23.0,0.0005,20,77,5.173324443260725,6.4942505177980525,8.135968705915174
pinn,10.0,23.0,0.0005,20,78,5.17936138766175,6.521242101807995,8.17180385097272
pinn,10.0,23.0,0.0005,20,79,5.146656695314121,6.442993526033037,8.028940721690326
pinn,10.0,23.0,0.0005,20,8,5.134374356767238,6.446836531486806,8.013518551150604
pinn,10.0,23.0,0.0005,20,80,5.123203435491393,6.406945565350258,7.985859888899604
pinn,10.0,23.0,0.0005,20,81,5.398692006663108,6.157666859208524,13.972608879186893
pinn,10.0,23.0,0.0005,20,82,5.132372767270997,6.441882051595684,7.9641331105727495
pinn,10.0,23.0,0.0005,20,83,5.12142216395913,6.416269783432003,7.990099113275912
pinn,10.0,23.0,0.0005,20,84,5.033038128929597,6.299420830156502,7.790168898520954
pinn,10.0,23.0,0.0005,20,85,5.105009408410613,6.398337800853218,7.947464099567311
pinn,10.0,23.0,0.0005,20,86,5.141072881064288,6.455565515242145,8.049263811264195
pinn,10.0,23.0,0.0005,20,87,5.185123749013104,6.530561732280627,8.239912344124281
pinn,10.0,23.0,0.0005,20,88,5.164801790011233,6.478180589441607,8.100426348862355
pinn,10.0,23.0,0.0005,20,89,5.07118629658201,6.341192886747135,7.831923959486687
pinn,10.0,23.0,0.0005,20,9,5.180578400930257,6.4726958467103195,8.07507802800726
pinn,10.0,23.0,0.0005,20,90,5.115539046511319,6.417195126932552,7.89524209623995
pinn,10.0,23.0,0.0005,20,91,5.069097185044958,6.292370664816808,7.848265190430102
pinn,10.0,23.0,0.0005,20,92,5.146136771502767,6.460397012633556,8.099400564537456
pinn,10.0,23.0,0.0005,20,93,5.074285579022118,6.347202249643813,7.871018467869591
pinn,10.0,23.0,0.0005,20,94,5.076926385096378,6.356717235927059,7.907179497385674
pinn,10.0,23.0,0.0005,20,95,5.1464827784506255,6.439594109631455,8.004591595513483
pinn,10.0,23.0,0.0005,20,96,5.025116576648154,6.2981325089998474,7.784946708000523
pinn,10.0,23.0,0.0005,20,97,5.11556275118878,6.41227153343389,7.894828218010631
pinn,10.0,23.0,0.0005,20,98,5.0282804345746515,6.304782048326092,7.7847970912441795
pinn,10.0,23.0,0.0005,20,99,5.027598441129536,6.266838739265581,7.8217589697987515
pinn,10.0,28.0,0.0005,20,0,3.057177871387971,4.1984573845636834,5.784893917553696
pinn,10.0,28.0,0.0005,20,1,3.052828907696419,4.203610574840358,5.753952047367695
pinn,10.0,28.0,0.0005,20,10,3.1879830620770586,4.40608147056929,5.9298277462248175
pinn,10.0,28.0,0.0005,20,11,3.0361244337152598,4.172555502342099,5.695488989164502
pinn,10.0,28.0,0.0005,20,12,3.0115063097995494,4.158460895095852,5.664464430564088
pinn,10.0,28.0,0.0005,20,13,3.0810677790333703,4.247562112001086,5.771746094099126
pinn,10.0,28.0,0.0005,20,14,3.018939237125714,4.159900565906319,5.680650689092248
pinn,10.0,28.0,0.0005,20,15,7.790392740253399,8.50007355700796,21.888684745627057
pinn,10.0,28.0,0.0005,20,16,3.107215058204011,4.276045685166193,5.820733282968099
pinn,10.0,28.0,0.0005,20,17,3.033263530521486,4.16310575111112,5.675481982877504
pinn,10.0,28.0,0.0005,20,18,3.021720828725872,4.15325831177433,5.703759886559701
pinn,10.0,28.0,0.0005,20,19,3.094421472126299,4.250834043710042,5.804087372921177
pinn,10.0,28.0,0.0005,20,2,3.113262300869104,4.278181836691982,5.833039998070753
pinn,10.0,28.0,0.0005,20,20,3.0603572461113635,4.20255616191385,5.756761867176763
pinn,10.0,28.0,0.0005,20,21,3.055331769452333,4.2120760478891945,5.736678492977137
pinn,10.0,28.0,0.0005,20,22,3.1160952190391153,4.287472664581704,5.843051893046515
pinn,10.0,28.0,0.0005,20,23,3.139206865892413,4.306625993935273,5.875831224517051
pinn,10.0,28.0,0.0005,20,24,7.774072076482351,8.492547460336766,21.882514265854553
pinn,10.0,28.0,0.0005,20,25,3.1245875866834663,4.288141225829619,5.868527494024313
pinn,10.0,28.0,0.0005,20,26,3.083116488172753,4.246337897807818,5.755026214220989
pinn,10.0,28.0,0.0005,20,27,3.1302679752883784,4.319557232037898,5.875595986249785
pinn,10.0,28.0,0.0005,20,28,3.1089848647416813,4.2789866646967125,5.8564282942531545
pinn,10.0,28.0,0.0005,20,29,3.141355567349717,4.3152271023368955,5.874333052659023
pinn,10.0,28.0,0.0005,20,3,3.0906017904902483,4.2450536417388935,5.804189075154685
pinn,10.0,28.0,0.0005,20,30,3.0012468932521137,4.136265727879077,5.659693409609049
pinn,10.0,28.0,0.0005,20,31,3.0526620936876294,4.206133827691408,5.741050400336998
pinn,10.0,28.0,0.0005,20,32,3.2843073337981417,4.510987502114716,6.135309991022208
pinn,10.0,28.0,0.0005,20,33,3.1250182304564107,4.301763681083252,5.828917738562299
pinn,10.0,28.0,0.0005,20,34,3.0149042599519666,4.160728667480896,5.672442895022839
pinn,10.0,28.0,0.0005,20,35,3.040922797338811,4.184182068743839,5.700145568128685
pinn,10.0,28.0,0.0005,20,36,7.814872282576378,8.49902097042323,21.874916673853452
pinn,10.0,28.0,0.0005,20,37,3.0848517543594887,4.241276403341635,5.781713111201125
pinn,10.0,28.0,0.0005,20,38,3.3088289351121545,4.538971748216575,6.181870698773364
pinn,10.0,28.0,0.0005,20,39,3.1798029225997526,4.36929516853836,5.940580507860522
pinn,10.0,28.0,0.0005,20,4,3.295352609756965,4.519155112591881,6.182345493406499
pinn,10.0,28.0,0.0005,20,40,3.2798195616803505,4.491533728870003,6.14250687480634
pinn,10.0,28.0,0.0005,20,41,3.0673850367186772,4.223232512331773,5.723635696691376
pinn,10.0,28.0,0.0005,20,42,3.186008040383614,4.369340206319923,5.962208895173935
pinn,10.0,28.0,0.0005,20,43,3.454070635170621,4.744991375336304,6.4221197613604035
pinn,10.0,28.0,0.0005,20,44,3.1006372322975815,4.282942221248425,5.828833737390735
pinn,10.0,28.0,0.0005,20,45,3.147341568109485,4.32239552864139,5.8959692718760515
pinn,10.0,28.0,0.0005,20,46,3.0008866551288387,4.146207483890198,5.6887181160357345
pinn,10.0,28.0,0.0005,20,47,3.084525662109246,4.245165479086506,5.808039156794813
pinn,10.0,28.0,0.0005,20,48,3.16468682692522,4.3561855557027345,5.979058756573627
pinn,10.0,28.0,0.0005,20,49,3.04978953766974,4.194477639760169,5.741564434981597
pinn,10.0,28.0,0.0005,20,5,3.189682242746119,4.364204350427094,5.956121282573093
pinn,10.0,28.0,0.0005,20,50,2.9936671243670894,4.117109853315046,5.6137965024184515
pinn,10.0,28.0,0.0005,20,51,3.084374839934581,4.23912119616058,5.78243689463388
pinn,10.0,28.0,0.0005,20,52,3.065692883814543,4.220520118297445,5.743236362813695
pinn,10.0,28.0,0.0005,20,53,3.0204327207040436,4.163965908324093,5.680464522684741
pinn,10.0,28.0,0.0005,20,54,7.780695899425984,8.515563796198434,21.859065161094723
pinn,10.0,28.0,0.0005,20,55,3.290969712734154,4.5218938669506725,6.15806653471747
pinn,10.0,28.0,0.0005,20,56,3.1344360887151757,4.3020207705552975,5.8698977266006365
pinn,10.0,28.0,0.0005,20,57,3.1043330294996276,4.275517512981174,5.827719890800058
pinn,10.0,28.0,0.0005,20,58,3.093159791895893,4.255898712082729,5.79423988773733
pinn,10.0,28.0,0.0005,20,59,3.1006865558981835,4.254137544948616,5.822152461450032
pinn,10.0,28.0,0.0005,20,6,3.1535270874885484,4.324385725697527,5.890193063821128
pinn,10.0,28.0,0.0005,20,60,3.133563699098978,4.318163565569298,5.9288893437399555
pinn,10.0,28.0,0.0005,20,61,3.133947976732278,4.299424330818086,5.950085197439858
pinn,10.0,28.0,0.0005,20,62,3.147786332716979,4.3194347113502705,5.881485768057548
pinn,10.0,28.0,0.0005,20,63,3.0710353409663513,4.226742249657805,5.7702769884104566
pinn,10.0,28.0,0.0005,20,64,8.322466785751557,8.852626138661535,23.726463702168772
pinn,10.0,28.0,0.0005,20,65,3.109178283109261,4.250999289424123,5.846648353860035
pinn,10.0,28.0,0.0005,20,66,3.1967490191608743,4.385010999822265,5.969842311722692
pinn,10.0,28.0,0.0005,20,67,3.1161720773801744,4.269750512880478,5.867417032540211
pinn,10.0,28.0,0.0005,20,68,3.275802788303233,4.499516287677645,6.10960715698742
pinn,10.0,28.0,0.0005,20,69,3.119216492584666,4.28878437827922,5.851635651229691
pinn,10.0,28.0,0.0005,20,7,3.187013012238778,4.358209923118518,5.955751958741266
pinn,10.0,28.0,0.0005,20,70,3.304415736227324,4.526340988898986,6.154004938756704
pinn,10.0,28.0,0.0005,20,71,3.0550507915525595,4.203639534793654,5.728023457807658
pinn,10.0,28.0,0.0005,20,72,3.165534639354767,4.347516494340288,5.9341214241725755
pinn,10.0,28.0,0.0005,20,73,3.1126044371669384,4.276465728240132,5.807906107029089
pinn,10.0,28.0,0.0005,20,74,3.061618209914185,4.205388165954841,5.736026052280572
pinn,10.0,28.0,0.0005,20,75,3.0738009721104085,4.220014347996807,5.775729399038065
pinn,10.0,28.0,0.0005,20,76,3.1658883194394387,4.349926884295848,5.940894653272245
pinn,10.0,28.0,0.0005,20,77,3.0336468356828634,4.188096056024128,5.68213386913965
pinn,10.0,28.0,0.0005,20,78,3.075296478666459,4.221592036545,5.839547288852519
pinn,10.0,28.0,0.0005,20,79,3.2138178711694714,4.423379043597569,6.036970369583642
pinn,10.0,28.0,0.0005,20,8,3.2586357788404747,4.479002431075385,6.0919596591847895
pinn,10.0,28.0,0.0005,20,80,3.104297856879553,4.261899499981461,5.818801603609332
pinn,10.0,28.0,0.0005,20,81,3.1333887146449486,4.298104838670541,5.858537406533903
pinn,10.0,28.0,0.0005,20,82,3.047286513128625,4.1975420334033755,5.717064684152085
pinn,10.0,28.0,0.0005,20,83,3.111598023417515,4.270544038463229,5.8241755709414615
pinn,10.0,28.0,0.0005,20,84,3.131761105477241,4.297164388965321,5.88575726633297
pinn,10.0,28.0,0.0005,20,85,3.2917844959836415,4.5196084243042804,6.126329095896195
pinn,10.0,28.0,0.0005,20,86,3.1546134089583693,4.330366068101267,5.901726269819739
pinn,10.0,28.0,0.0005,20,87,3.038912021419511,4.180107415061252,5.7332269325093055
pinn,10.0,28.0,0.0005,20,88,3.0720460681254296,4.245005025325612,5.775082380160576
pinn,10.0,28.0,0.0005,20,89,3.2194024601418687,4.419489324675577,6.047130696060309
pinn,10.0,28.0,0.0005,20,9,3.253961096625601,4.4665114175177925,6.117818084619338
pinn,10.0,28.0,0.0005,20,90,3.1759149314090966,4.3710932140704015,5.952826230963202
pinn,10.0,28.0,0.0005,20,91,3.0379182993936173,4.175734924957863,5.719002334826011
pinn,10.0,28.0,0.0005,20,92,3.1052540367309973,4.277728220472218,5.843153285675052
pinn,10.0,28.0,0.0005,20,93,3.1042823008852976,4.24675351498707,5.844108596929126
pinn,10.0,28.0,0.0005,20,94,2.9968599088849546,4.116089005083844,5.618876387526426
pinn,10.0,28.0,0.0005,20,95,3.028396748595511,4.169848139521044,5.671704163495098
pinn,10.0,28.0,0.0005,20,96,3.119231566557977,4.282521927734454,5.865059095076326
pinn,10.0,28.0,0.0005,20,97,3.1678273634392924,4.3614126981794,5.927451022247524
pinn,10.0,28.0,0.0005,20,98,3.0403551060120755,4.186564659967836,5.723022150076351
pinn,10.0,28.0,0.0005,20,99,7.779792464849294,8.51256045401095,21.806113176709314
pinn,100.0,23.0,0.0005,20,0,5.033283162967608,6.306619798075952,7.789590341280229
pinn,100.0,23.0,0.0005,20,1,4.964325311031188,6.1972175702415555,7.632959869188521
pinn,100.0,23.0,0.0005,20,10,4.961927564138949,6.206195768960629,7.633248657038431
pinn,100.0,23.0,0.0005,20,11,4.967967690684608,6.205467565052906,7.649633132324544
pinn,100.0,23.0,0.0005,20,12,5.029467532621338,6.298965100303383,7.7628911693525415
pinn,100.0,23.0,0.0005,20,13,4.987848393098455,6.267009998826405,7.806402778429391
pinn,100.0,23.0,0.0005,20,14,4.919367207862957,6.16252874852601,7.576530542917015
pinn,100.0,23.0,0.0005,20,15,5.029263794801484,6.293623879476141,7.806483057646936
pinn,100.0,23.0,0.0005,20,16,5.034845833962211,6.328907681146405,7.880129573222867
pinn,100.0,23.0,0.0005,20,17,4.932549870620553,6.1463444187177085,7.58848457412409
pinn,100.0,23.0,0.0005,20,18,4.924903613917025,6.157625901440231,7.613026717049868
pinn,100.0,23.0,0.0005,20,19,4.946434255731677,6.228900928985038,7.65305500880937
pinn,100.0,23.0,0.0005,20,2,4.933815805062449,6.142333166831836,7.545786104096725
pinn,100.0,23.0,0.0005,20,20,4.961246023902157,6.162399030376695,7.662674786940951
pinn,100.0,23.0,0.0005,20,21,4.970942803976624,6.207588105893062,7.639386223481402
pinn,100.0,23.0,0.0005,20,22,4.957817429562873,6.190332892280003,7.658358352233274
pinn,100.0,23.0,0.0005,20,23,5.011143428431957,6.224940435086554,7.764547909348795
pinn,100.0,23.0,0.0005,20,24,5.075332269836826,6.363073656766798,7.9664243073993175
pinn,100.0,23.0,0.0005,20,25,4.9650094694466995,6.225032904006787,7.761876079813493
pinn,100.0,23.0,0.0005,20,26,5.07750346545845,6.359708150826173,7.963192838011003
pinn,100.0,23.0,0.0005,20,27,4.981506218080444,6.209508558525263,7.666987181641756
pinn,100.0,23.0,0.0005,20,28,4.956752237945325,6.144244039813875,7.5986837411720956
pinn,100.0,23.0,0.0005,20,29,5.07543324021553,6.3516604286419485,7.891675647201118
pinn,100.0,23.0,0.0005,20,3,4.898307848550688,6.117483843392861,7.576061128712427
pinn,100.0,23.0,0.0005,20,30,5.072593234425982,6.362113753466847,7.833477416523187
pinn,100.0,23.0,0.0005,20,31,5.033869651741366,6.294693914753855,7.803177851857648
pinn,100.0,23.0,0.0005,20,32,4.9543852691979255,6.196754794651635,7.655348096716265
pinn,100.0,23.0,0.0005,20,33,4.939721991604503,6.163430471851481,7.63475965729548
pinn,100.0,23.0,0.0005,20,34,4.888727940683011,6.1293874879809405,7.626187914113483
pinn,100.0,23.0,0.0005,20,35,4.998168505756903,6.244927874311507,7.730415729033947
pinn,100.0,23.0,0.0005,20,36,4.967796275721885,6.276257229334193,7.644295079923051
pinn,100.0,23.0,0.0005,20,37,4.925250885041968,6.156323705906596,7.629670245139377
pinn,100.0,23.0,0.0005,20,38,5.05726638254639,6.323903866113736,7.886203557247495
pinn,100.0,23.0,0.0005,20,39,4.976108183844128,6.229909203208882,7.689998463189885
pinn,100.0,23.0,0.0005,20,4,4.997211205120652,6.243647757970796,7.668461157799874
pinn,100.0,23.0,0.0005,20,40,4.93808371760219,6.157190543113949,7.606597227316688
pinn,100.0,23.0,0.0005,20,41,4.996448572320719,6.280720177130069,7.689703887146199
pinn,100.0,23.0,0.0005,20,42,4.924834519449589,6.1449018488856435,7.602001575550758
pinn,100.0,23.0,0.0005,20,43,4.935710118801408,6.1432247217546125,7.61194666319304
pinn,100.0,23.0,0.0005,20,44,4.93928687970667,6.147498385300807,7.596404677094499
pinn,100.0,23.0,0.0005,20,45,4.945646379780465,6.1662372435704045,7.63232126745064
pinn,100.0,23.0,0.0005,20,46,4.987365148735387,6.241818287983806,7.710724013565218
pinn,100.0,23.0,0.0005,20,47,4.960855675400299,6.189265818860667,7.652742397039982
pinn,100.0,23.0,0.0005,20,48,4.9637389512377785,6.208024851046652,7.667738263420587
pinn,100.0,23.0,0.0005,20,49,4.944117809339509,6.169583263367843,7.626410509074607
pinn,100.0,23.0,0.0005,20,5,4.947296319762775,6.135120403840496,7.593419157072726
pinn,100.0,23.0,0.0005,20,50,5.039873161807064,6.2785678126760045,7.869087929490578
pinn,100.0,23.0,0.0005,20,51,5.043182141029237,6.315378561437725,7.828800076815773
pinn,100.0,23.0,0.0005,20,52,5.065994592660667,6.3428440438550995,7.914097578637034
pinn,100.0,23.0,0.0005,20,53,4.958855048303879,6.2057391001571665,7.794068523608658
pinn,100.0,23.0,0.0005,20,54,5.077420158191836,6.366943324633789,7.898874502481846
pinn,100.0,23.0,0.0005,20,55,5.029049807071663,6.293055181946498,7.749234874422449
pinn,100.0,23.0,0.0005,20,56,4.933172552606251,6.152717482492422,7.603776856785318
pinn,100.0,23.0,0.0005,20,57,4.991731244322638,6.223035674197495,7.618343906953278
pinn,100.0,23.0,0.0005,20,58,5.011489889252735,6.2557218743700345,7.733347777699199
pinn,100.0,23.0,0.0005,20,59,4.9539457699576355,6.209330571877636,7.6641949409647125
pinn,100.0,23.0,0.0005,20,6,5.066844140545683,6.340331418142667,7.9104567167079045
pinn,100.0,23.0,0.0005,20,60,4.980072239761131,6.232485429058193,7.658668433946646
pinn,100.0,23.0,0.0005,20,61,4.964717468858179,6.214711545291143,7.65150179366443
pinn,100.0,23.0,0.0005,20,62,5.014710787037496,6.254030623688284,7.750627562859145
pinn,100.0,23.0,0.0005,20,63,4.917374744769778,6.184218454406305,7.657774203211048
pinn,100.0,23.0,0.0005,20,64,4.992813013311478,6.230199040166928,7.666815206250084
pinn,100.0,23.0,0.0005,20,65,5.065230890273517,6.346731182562,7.882890379834294
pinn,100.0,23.0,0.0005,20,66,4.984664748397498,6.239095635220867,7.719031936946093
pinn,100.0,23.0,0.0005,20,67,4.956245034161309,6.195958481860974,7.624655876871299
pinn,100.0,23.0,0.0005,20,68,4.937472037307759,6.1779314456222645,7.566465264223136
pinn,100.0,23.0,0.0005,20,69,5.010046281792568,6.268305253798178,7.751330997695372
pinn,100.0,23.0,0.0005,20,7,4.948202025834186,6.182659533017417,7.613476823297935
pinn,100.0,23.0,0.0005,20,70,4.9767447173776835,6.221850748960131,7.689760464604157
pinn,100.0,23.0,0.0005,20,71,5.032934349654911,6.30523825307721,7.761265914700935
pinn,100.0,23.0,0.0005,20,72,5.038738499956878,6.30828825755156,7.789642219748758
pinn,100.0,23.0,0.0005,20,73,4.948233140114538,6.168396937570898,7.624024214771215
pinn,100.0,23.0,0.0005,20,74,4.986572128982392,6.185387411384726,7.714748975505092
pinn,100.0,23.0,0.0005,20,75,5.012653025124077,6.2188980480353,7.6469880666825425
pinn,100.0,23.0,0.0005,20,76,4.989024524509503,6.2345233186336975,7.710946233093927
pinn,100.0,23.0,0.0005,20,77,4.960029089513442,6.176331527750535,7.667714608900892
pinn,100.0,23.0,0.0005,20,78,5.061252344927697,6.346749545114136,7.89179350779881
pinn,100.0,23.0,0.0005,20,79,5.004340977172122,6.2320681807196125,7.7540835260739325
pinn,100.0,23.0,0.0005,20,8,4.973063107922706,6.179980475695488,7.676119874992868
pinn,100.0,23.0,0.0005,20,80,5.012721432927264,6.207498545387879,7.752266119114803
pinn,100.0,23.0,0.0005,20,81,5.015761366981775,6.301737386717592,7.778559462817296
pinn,100.0,23.0,0.0005,20,82,4.993544024152551,6.255236659227471,7.703186304088219
pinn,100.0,23.0,0.0005,20,83,4.952770834305419,6.174926280387047,7.636559771041748
pinn,100.0,23.0,0.0005,20,84,5.053319717381268,6.329868377110868,7.86905680108748
pinn,100.0,23.0,0.0005,20,85,4.968096667024457,6.223645678435706,7.668323807795157
pinn,100.0,23.0,0.0005,20,86,5.0832738068418335,6.376252305021476,7.895994360789116
pinn,100.0,23.0,0.0005,20,87,4.949203340204143,6.1735364771746895,7.576387154893994
pinn,100.0,23.0,0.0005,20,88,4.985074344132573,6.20303612561491,7.743327598353742
pinn,100.0,23.0,0.0005,20,89,5.0003938495230145,6.221310053166804,7.739121061426735
pinn,100.0,23.0,0.0005,20,9,4.916124450747804,6.164586940891007,7.583412890202848
pinn,100.0,23.0,0.0005,20,90,5.00333406068134,6.2503404246386305,7.710018311450812
pinn,100.0,23.0,0.0005,20,91,5.0386317932686975,6.310256486321272,7.810288752247299
pinn,100.0,23.0,0.0005,20,92,4.930243243050767,6.163805104206373,7.601889249398413
pinn,100.0,23.0,0.0005,20,93,5.054853670600456,6.328072210964061,7.874302502872483
pinn,100.0,23.0,0.0005,20,94,5.0289535267810885,6.306949514239703,7.832706216374379
pinn,100.0,23.0,0.0005,20,95,4.952743782679684,6.191517697555912,7.621964347365219
pinn,100.0,23.0,0.0005,20,96,4.971922362529328,6.216447012050427,7.691746971886776
pinn,100.0,23.0,0.0005,20,97,5.037084413678521,6.3125176329218045,7.809323675886019
pinn,100.0,23.0,0.0005,20,98,4.9486125715470894,6.171560056319211,7.620964934961845
pinn,100.0,23.0,0.0005,20,99,4.949391720499497,6.1664349727456855,7.637712818187282
pinn,100.0,28.0,0.0005,20,0,3.1013572411482158,4.259934378121872,5.8156111689826675
pinn,100.0,28.0,0.0005,20,1,3.1925614194620713,4.3783949597649165,5.981396339684032
pinn,100.0,28.0,0.0005,20,10,3.1282612506939604,4.301104952440359,5.868554651321761
pinn,100.0,28.0,0.0005,20,11,3.0228725496750757,4.155232038559976,5.686391468581728
pinn,100.0,28.0,0.0005,20,12,3.1706199966175714,4.345688112954616,5.930065135402397
pinn,100.0,28.0,0.0005,20,13,3.0552616462572764,4.2008553495118415,5.748697603235411
pinn,100.0,28.0,0.0005,20,14,3.1476434570383143,4.32800415128196,5.902142968276018
pinn,100.0,28.0,0.0005,20,15,3.2219822179466235,4.427448749606124,6.016485174437633
pinn,100.0,28.0,0.0005,20,16,3.3155880217854454,4.553647598613422,6.210795922850866
pinn,100.0,28.0,0.0005,20,17,3.177421217483944,4.368216134746089,5.9369286514492075
pinn,100.0,28.0,0.0005,20,18,3.1384583891214604,4.297178263190694,5.906207588150422
pinn,100.0,28.0,0.0005,20,19,3.142665024378952,4.342337940257301,5.932230747049442
pinn,100.0,28.0,0.0005,20,2,3.334672955955458,4.563073009817262,6.209359855648502
pinn,100.0,28.0,0.0005,20,20,3.0830162315143177,4.231684728203783,5.798637546877448
pinn,100.0,28.0,0.0005,20,21,3.178973334999327,4.37409154059783,5.929627751417693
pinn,100.0,28.0,0.0005,20,22,3.076543083538077,4.232957964916097,5.7606766019573525
pinn,100.0,28.0,0.0005,20,23,3.283754478732267,4.5040662988826075,6.131190930895459
pinn,100.0,28.0,0.0005,20,24,3.192001992089696,4.375650400397627,6.002572035594666
pinn,100.0,28.0,0.0005,20,25,3.1431433016290544,4.3004011804420745,5.884618948985374
pinn,100.0,28.0,0.0005,20,26,3.011328334727399,4.15882337259709,5.675802538630289
pinn,100.0,28.0,0.0005,20,27,3.147793313701729,4.320715552953906,5.8947746690292355
pinn,100.0,28.0,0.0005,20,28,3.194668697932923,4.391695739920302,5.989472215977424
pinn,100.0,28.0,0.0005,20,29,3.218585681496321,4.412046472339244,6.0253496604791215
pinn,100.0,28.0,0.0005,20,3,3.286806199323156,4.4874679732911344,6.095974463633788
pinn,100.0,28.0,0.0005,20,30,3.207494422881962,4.4021838019848865,6.0027321095079405
pinn,100.0,28.0,0.0005,20,31,3.262707461533813,4.484144517119798,6.115649743917671
pinn,100.0,28.0,0.0005,20,32,3.3414261150549294,4.584031967202993,6.221796584802417
pinn,100.0,28.0,0.0005,20,33,3.122386085038413,4.283154348126606,5.856186409549529
pinn,100.0,28.0,0.0005,20,34,3.337135586485372,4.573942321632375,6.243038053957127
pinn,100.0,28.0,0.0005,20,35,3.1252175878259987,4.283201624055827,5.873692654138973
pinn,100.0,28.0,0.0005,20,36,3.1785155728024663,4.3608028599921305,5.952806218803745
pinn,100.0,28.0,0.0005,20,37,3.0936945118529904,4.249048952210462,5.817147946604897
pinn,100.0,28.0,0.0005,20,38,3.245171448357914,4.4586655778307795,6.079942426321618
pinn,100.0,28.0,0.0005,20,39,3.085772366812331,4.240941595540774,5.791985858692944
pinn,100.0,28.0,0.0005,20,4,3.08163228539657,4.24071450570179,5.797961236826814
pinn,100.0,28.0,0.0005,20,40,3.2533406267585074,4.457601614860574,6.066717417257992
pinn,100.0,28.0,0.0005,20,41,3.135893864895874,4.30827489496815,5.885012992797073
pinn,100.0,28.0,0.0005,20,42,3.21929676690776,4.414804952504149,6.029610841011042
pinn,100.0,28.0,0.0005,20,43,3.192808236617926,4.381477694878486,5.982097337917776
pinn,100.0,28.0,0.0005,20,44,3.323467393411348,4.553323061576656,6.1908941489720934
pinn,100.0,28.0,0.0005,20,45,3.2246750312020316,4.428459890692151,6.054539610235076
pinn,100.0,28.0,0.0005,20,46,3.187890710158028,4.369447863380168,5.983562529741698
pinn,100.0,28.0,0.0005,20,47,3.0440381940013244,4.210750606799595,5.730133242984464
pinn,100.0,28.0,0.0005,20,48,3.266656946602423,4.488629540676251,6.113151888555609
pinn,100.0,28.0,0.0005,20,49,3.1626928214713614,4.340509217148639,5.928135475457866
pinn,100.0,28.0,0.0005,20,5,3.1859789663695457,4.371468529322143,5.951268620552734
pinn,100.0,28.0,0.0005,20,50,3.1729445682317254,4.356559734117953,5.959849266268963
pinn,100.0,28.0,0.0005,20,51,3.0747886143217595,4.224761708165957,5.776166288743285
pinn,100.0,28.0,0.0005,20,52,3.125241218473909,4.289499405243889,5.868745205111472
pinn,100.0,28.0,0.0005,20,53,3.2454872161182533,4.464923747062715,6.0723220030932055
pinn,100.0,28.0,0.0005,20,54,3.0858126967395623,4.252988171957634,5.8204348467598495
pinn,100.0,28.0,0.0005,20,55,3.241157677306038,4.449349648776161,6.0661345284047385
pinn,100.0,28.0,0.0005,20,56,3.0691645130041976,4.235215844979988,5.7660331939306495
pinn,100.0,28.0,0.0005,20,57,3.2030856461718176,4.407250673106898,5.987796035246396
pinn,100.0,28.0,0.0005,20,58,3.1022385390407696,4.264513572443597,5.81173003102803
pinn,100.0,28.0,0.0005,20,59,3.163408519391701,4.3370429519499325,5.921566005212422
pinn,100.0,28.0,0.0005,20,6,3.247094932572877,4.457280289535372,6.0743307919082525
pinn,100.0,28.0,0.0005,20,60,3.112119102044595,4.2780204150953445,5.8383974600581965
pinn,100.0,28.0,0.0005,20,61,3.2018448062468488,4.396747825939212,5.988733770044064
pinn,100.0,28.0,0.0005,20,62,3.224304805204764,4.429621131347316,6.031001049534405
pinn,100.0,28.0,0.0005,20,63,3.111981988514297,4.281386940665718,5.858817397948943
pinn,100.0,28.0,0.0005,20,64,3.3846993645392702,4.642554467668029,6.306897856731667
pinn,100.0,28.0,0.0005,20,65,3.213290619268971,4.4245979462046465,5.993714232773732
pinn,100.0,28.0,0.0005,20,66,3.2357513430650706,4.437943985908467,6.050741949308787
pinn,100.0,28.0,0.0005,20,67,3.1632553674642008,4.3421685824667975,5.930124984083367
pinn,100.0,28.0,0.0005,20,68,3.1864545930237527,4.370183506093161,5.956909389429695
pinn,100.0,28.0,0.0005,20,69,3.2712942627010686,4.492274085910462,6.1499239191786454
pinn,100.0,28.0,0.0005,20,7,3.187607773434593,4.359163119748464,5.985942722371504
pinn,100.0,28.0,0.0005,20,70,3.0937975470643018,4.261349738028115,5.793857704719297
pinn,100.0,28.0,0.0005,20,71,3.1526113469369865,4.3303379555992425,5.880434818706601
pinn,100.0,28.0,0.0005,20,72,3.2590279939072646,4.489134324535407,6.091973836232179
pinn,100.0,28.0,0.0005,20,73,3.189821537897295,4.3773615515743005,5.971956985309586
pinn,100.0,28.0,0.0005,20,74,3.134365373419573,4.3182127473864,5.862930542410927
pinn,100.0,28.0,0.0005,20,75,3.1190340606804394,4.280864251867024,5.853878426415278
pinn,100.0,28.0,0.0005,20,76,3.2223664147329907,4.417495460579388,6.0269597010144595
pinn,100.0,28.0,0.0005,20,77,3.2146395873640845,4.412343388641986,6.048817730922572
pinn,100.0,28.0,0.0005,20,78,3.170651204799989,4.344815921401736,5.9686560078527116
pinn,100.0,28.0,0.0005,20,79,3.3091684720401116,4.537777165248119,6.158643870579527
pinn,100.0,28.0,0.0005,20,8,3.1784410137576167,4.360736985977874,5.959822477475355
pinn,100.0,28.0,0.0005,20,80,3.136863549617688,4.302154963292041,5.880148816180808
pinn,100.0,28.0,0.0005,20,81,3.1324137609820233,4.305709367573862,5.869993545371583
pinn,100.0,28.0,0.0005,20,82,3.1847681104290313,4.373509168264409,5.962082193752763
pinn,100.0,28.0,0.0005,20,83,3.1768430998156743,4.367238888548675,5.947722542992179
pinn,100.0,28.0,0.0005,20,84,3.2945622420870584,4.517871750139472,6.155855027105854
pinn,100.0,28.0,0.0005,20,85,3.18257254735971,4.368902345047798,5.956208673907583
pinn,100.0,28.0,0.0005,20,86,3.108967452730521,4.269004173453071,5.823085413526793
pinn,100.0,28.0,0.0005,20,87,3.134071423242577,4.300338230833739,5.863797327155012
pinn,100.0,28.0,0.0005,20,88,3.1631824948605214,4.441824447290619,6.004826356486359
pinn,100.0,28.0,0.0005,20,89,3.202504708756172,4.393097418802675,6.020152865224737
pinn,100.0,28.0,0.0005,20,9,3.1739912305889213,4.352416732883602,5.945296520075878
pinn,100.0,28.0,0.0005,20,90,3.2665664640360346,4.4779349306762715,6.100481461902641
pinn,100.0,28.0,0.0005,20,91,3.1867929290246324,4.3789872726419,5.989948011161831
pinn,100.0,28.0,0.0005,20,92,3.1241534885499136,4.291778996890359,5.858314321246791
pinn,100.0,28.0,0.0005,20,93,3.094614354258345,4.253355972375345,5.8102138024767225
pinn,100.0,28.0,0.0005,20,94,3.0805965730672504,4.2426553487259735,5.78302879925499
pinn,100.0,28.0,0.0005,20,95,3.158926513004935,4.336107847167726,5.918181413931603
pinn,100.0,28.0,0.0005,20,96,3.2179864877115736,4.402123529924747,6.029627193763707
pinn,100.0,28.0,0.0005,20,97,3.2797955176083393,4.490435342711915,6.105442750416564
pinn,100.0,28.0,0.0005,20,98,3.12638277472331,4.301065748950476,5.9129027847741025
pinn,100.0,28.0,0.0005,20,99,3.04093697351848,4.237820352951592,5.843418555384272
pinn,1000.0,23.0,0.0005,20,0,4.919399975432091,6.154305601111799,7.659068934726127
pinn,1000.0,23.0,0.0005,20,1,4.91572002750518,6.131064363488636,7.531539603719205
pinn,1000.0,23.0,0.0005,20,10,4.9791466025834445,6.20229765443923,7.6941472738069
pinn,1000.0,23.0,0.0005,20,11,4.937786552584418,6.130597501746018,7.592092325083529
pinn,1000.0,23.0,0.0005,20,12,4.90288619598316,6.107890232701035,7.537848614458375
pinn,1000.0,23.0,0.0005,20,13,4.9907743003796785,6.210905103919633,7.772310161230656
pinn,1000.0,23.0,0.0005,20,14,6.514327824669349,7.311141990180053,17.434382076908694
pinn,1000.0,23.0,0.0005,20,15,4.925003241276963,6.129266983903097,7.581851187522402
pinn,1000.0,23.0,0.0005,20,16,4.99633302084989,6.161800512166927,7.672254261304425
pinn,1000.0,23.0,0.0005,20,17,4.8821847876309645,6.114551531425345,7.566022891471391
pinn,1000.0,23.0,0.0005,20,18,4.9108142281310165,6.112920856121993,7.543320726662561
pinn,1000.0,23.0,0.0005,20,19,4.9527614041562895,6.130787201618409,7.523729856325349
pinn,1000.0,23.0,0.0005,20,2,4.967284885239368,6.171584950637968,7.601183363086355
pinn,1000.0,23.0,0.0005,20,20,4.942733024437776,6.182617333287312,7.577720902778058
pinn,1000.0,23.0,0.0005,20,21,4.9893169976089755,6.177483531151557,7.705477946979326
pinn,1000.0,23.0,0.0005,20,22,6.517411988597657,7.300626379266415,17.502279765161983
pinn,1000.0,23.0,0.0005,20,23,4.961751136683409,6.177676241617533,7.673790438644198
pinn,1000.0,23.0,0.0005,20,24,4.943488283318949,6.1301251041737626,7.604718961736462
pinn,1000.0,23.0,0.0005,20,25,4.959705618565425,6.152698007739979,7.6267057177568685
pinn,1000.0,23.0,0.0005,20,26,6.511181976510591,7.301024905444758,17.486375545101126
pinn,1000.0,23.0,0.0005,20,27,4.968985701533652,6.150784131959802,7.673402193179652
pinn,1000.0,23.0,0.0005,20,28,4.939753095083605,6.1258336232993065,7.588712994847911
pinn,1000.0,23.0,0.0005,20,29,4.926984413877549,6.1414484945394605,7.606940640349991
pinn,1000.0,23.0,0.0005,20,3,6.526480472668995,7.30668449015731,17.492081630642627
pinn,1000.0,23.0,0.0005,20,30,12.873823918445579,13.602836566833966,7.350004122407161
pinn,1000.0,23.0,0.0005,20,31,4.959780025852052,6.156409256422051,7.638466119898594
pinn,1000.0,23.0,0.0005,20,32,4.98335566205077,6.220644412778839,7.706511567579493
pinn,1000.0,23.0,0.0005,20,33,4.950297146096556,6.184629499572607,7.60760039242253
pinn,1000.0,23.0,0.0005,20,34,4.946247917154261,6.139357651316778,7.600775543469958
pinn,1000.0,23.0,0.0005,20,35,4.94461809238312,6.151120568024888,7.608270874553071
pinn,1000.0,23.0,0.0005,20,36,4.931810984594892,6.122453316659647,7.633628135847108
pinn,1000.0,23.0,0.0005,20,37,4.935968749864453,6.131424511515217,7.595472619071316
pinn,1000.0,23.0,0.0005,20,38,4.933687283041056,6.115646853331895,7.590808614715803
pinn,1000.0,23.0,0.0005,20,39,4.9390176498839145,6.136345791231552,7.578436684943125
pinn,1000.0,23.0,0.0005,20,4,5.022160798680284,6.219405180195755,7.745559309034111
pinn,1000.0,23.0,0.0005,20,40,4.908503763369586,6.107822588445802,7.5515903648560965
pinn,1000.0,23.0,0.0005,20,41,4.958768334152458,6.142450527478981,7.635348294523976
pinn,1000.0,23.0,0.0005,20,42,4.934572476381185,6.138817906782066,7.609581172375636
pinn,1000.0,23.0,0.0005,20,43,6.514624248957134,7.3023379839043665,17.472049415671115
pinn,1000.0,23.0,0.0005,20,44,6.51250234297828,7.299892011189244,17.4709934741834
pinn,1000.0,23.0,0.0005,20,45,4.945506691110824,6.141580907466138,7.607300574792057
pinn,1000.0,23.0,0.0005,20,46,4.970582976956008,6.185215848702927,7.692791718670094
pinn,1000.0,23.0,0.0005,20,47,4.927825108083535,6.12358197696925,7.5797737953594995
pinn,1000.0,23.0,0.0005,20,48,4.9486441257868305,6.129251114337707,7.642050052320276
pinn,1000.0,23.0,0.0005,20,49,6.510654459230719,7.2966225444705115,17.471154885937306
pinn,1000.0,23.0,0.0005,20,5,6.500982120693363,7.309921824977998,17.453067581774214
pinn,1000.0,23.0,0.0005,20,50,4.927071388751564,6.13645071419262,7.562530772577166
pinn,1000.0,23.0,0.0005,20,51,6.511767971254085,7.2993105821099515,17.478459202889198
pinn,1000.0,23.0,0.0005,20,52,4.915094215559202,6.104792660190966,7.548854590649836
pinn,1000.0,23.0,0.0005,20,53,6.513516834211018,7.299589700203834,17.48407704435433
pinn,1000.0,23.0,0.0005,20,54,4.961147258558301,6.179649472226423,7.557582210649792
pinn,1000.0,23.0,0.0005,20,55,4.9498772726370195,6.152270907678414,7.609360335540589
pinn,1000.0,23.0,0.0005,20,56,4.949218524729132,6.154468848305272,7.617292317474447
pinn,1000.0,23.0,0.0005,20,57,4.961235411882096,6.146165139931249,7.645416884873935
pinn,1000.0,23.0,0.0005,20,58,6.512103644934882,7.300072594437565,17.4807806486019
pinn,1000.0,23.0,0.0005,20,59,4.926367548163155,6.083363462344706,7.517164637159996
pinn,1000.0,23.0,0.0005,20,6,4.966283105900397,6.20194027113287,7.671918399919473
pinn,1000.0,23.0,0.0005,20,60,4.986778417397947,6.187737083126039,7.673640484713078
pinn,1000.0,23.0,0.0005,20,61,5.0115930460259985,6.269432973891153,7.743134662687624
pinn,1000.0,23.0,0.0005,20,62,4.928978484155376,6.146689508339255,7.576031405039028
pinn,1000.0,23.0,0.0005,20,63,6.511773703714756,7.299355284693054,17.470339797252134
pinn,1000.0,23.0,0.0005,20,64,6.528777922641974,7.306072088073575,17.520426279349703
pinn,1000.0,23.0,0.0005,20,65,4.969444279528822,6.139884701209092,7.664423585433612
pinn,1000.0,23.0,0.0005,20,66,4.938687156145825,6.163577367352811,7.580351161374434
pinn,1000.0,23.0,0.0005,20,67,4.927545366523256,6.116708888989473,7.519039665306444
pinn,1000.0,23.0,0.0005,20,68,4.935880788194084,6.134430890142574,7.497080306412702
pinn,1000.0,23.0,0.0005,20,69,4.963680768508454,6.164831503516297,7.653404917432009
pinn,1000.0,23.0,0.0005,20,7,4.931921113410354,6.135016625537625,7.607969583262598
pinn,1000.0,23.0,0.0005,20,70,4.928813260429918,6.1467549494686775,7.552411732757346
pinn,1000.0,23.0,0.0005,20,71,4.942521531982045,6.143164020469877,7.625506080379323
pinn,1000.0,23.0,0.0005,20,72,4.954733511685475,6.135727194270475,7.5936951474329675
pinn,1000.0,23.0,0.0005,20,73,4.939721417593628,6.128024886409458,7.578352589002305
pinn,1000.0,23.0,0.0005,20,74,4.922245891008708,6.138873583906822,7.560312210411774
pinn,1000.0,23.0,0.0005,20,75,4.925947249121692,6.136310968451934,7.608980000923416
pinn,1000.0,23.0,0.0005,20,76,4.922311500952901,6.130777893241842,7.542946686744781
pinn,1000.0,23.0,0.0005,20,77,4.988573714520978,6.188684883142548,7.704615401796506
pinn,1000.0,23.0,0.0005,20,78,6.554925014314765,7.338716062468109,17.56675893251053
pinn,1000.0,23.0,0.0005,20,79,4.908523178863477,6.117159614247717,7.564472256093772
pinn,1000.0,23.0,0.0005,20,8,6.511691143516461,7.299498876108936,17.478548454505766
pinn,1000.0,23.0,0.0005,20,80,4.946309333181562,6.140387881049958,7.6859347720306195
pinn,1000.0,23.0,0.0005,20,81,4.932201472202211,6.154633159175815,7.615360804704232
pinn,1000.0,23.0,0.0005,20,82,4.964550960542403,6.1748375815219205,7.635183625627141
pinn,1000.0,23.0,0.0005,20,83,4.963044158256501,6.1626248005563395,7.651848007651707
pinn,1000.0,23.0,0.0005,20,84,4.9454874254071814,6.1536983105529615,7.595927871611513
pinn,1000.0,23.0,0.0005,20,85,4.943842521043251,6.130376820195411,7.606708602503613
pinn,1000.0,23.0,0.0005,20,86,4.957690663666752,6.15081799818301,7.6632648378720125
pinn,1000.0,23.0,0.0005,20,87,4.936455065371575,6.124893586029432,7.595775674807941
pinn,1000.0,23.0,0.0005,20,88,4.940724643371649,6.147923160427783,7.619171158725358
pinn,1000.0,23.0,0.0005,20,89,4.933282893088261,6.156110673141807,7.657896750582035
pinn,1000.0,23.0,0.0005,20,9,4.943617339749547,6.155234169069089,7.699636373870834
pinn,1000.0,23.0,0.0005,20,90,4.9370840097281965,6.139104401132589,7.606144958872662
pinn,1000.0,23.0,0.0005,20,91,4.934933902544381,6.129581667890408,7.637842358272518
pinn,1000.0,23.0,0.0005,20,92,5.004083786051686,6.1967258142423685,7.731495426350635
pinn,1000.0,23.0,0.0005,20,93,4.93846763225905,6.150654231157523,7.550746671641292
pinn,1000.0,23.0,0.0005,20,94,6.509392200717349,7.296724772240776,17.4737598580898
pinn,1000.0,23.0,0.0005,20,95,6.512613906480417,7.297421024235322,17.45316112974284
pinn,1000.0,23.0,0.0005,20,96,6.520789691735928,7.312093675334834,17.47065290793938
pinn,1000.0,23.0,0.0005,20,97,4.946101591134956,6.175797343903972,7.57674247846766
pinn,1000.0,23.0,0.0005,20,98,4.8942830569885025,6.070087926160372,7.538163594819639
pinn,1000.0,23.0,0.0005,20,99,4.946875846215774,6.143809554995316,7.58740098354576
pinn,1000.0,28.0,0.0005,20,0,3.2318158213954877,4.42692648807183,6.044331267328929
pinn,1000.0,28.0,0.0005,20,1,3.347753982793877,4.585330987899992,6.238155104753343
pinn,1000.0,28.0,0.0005,20,10,3.3487983153083682,4.5962479531893905,6.244586689042964
pinn,1000.0,28.0,0.0005,20,11,3.4038152032594913,4.668668833137601,6.346695189170849
pinn,1000.0,28.0,0.0005,20,12,3.4661613332645995,4.748573323040311,6.438677447603277
pinn,1000.0,28.0,0.0005,20,13,3.34573383357359,4.589153781208492,6.223233224462237
pinn,1000.0,28.0,0.0005,20,14,3.353264861150062,4.599137367226677,6.258620914208835
pinn,1000.0,28.0,0.0005,20,15,3.284483777667379,4.498581748232487,6.122870082987934
pinn,1000.0,28.0,0.0005,20,16,3.2254925598083095,4.421399516233455,6.018944895181214
pinn,1000.0,28.0,0.0005,20,17,3.298107123661746,4.519805745394348,6.166494078600846
pinn,1000.0,28.0,0.0005,20,18,3.4303873091630717,4.70085310098787,6.364978310464213
pinn,1000.0,28.0,0.0005,20,19,3.232160376604905,4.43071440194578,6.0358416077212755
pinn,1000.0,28.0,0.0005,20,2,3.4092258078493027,4.667584321629427,6.324068245994691
pinn,1000.0,28.0,0.0005,20,20,3.3700342589502146,4.628251229548485,6.270117238509196
pinn,1000.0,28.0,0.0005,20,21,3.3644970255192885,4.618167393170109,6.261852476233475
pinn,1000.0,28.0,0.0005,20,22,3.3094372192279087,4.5512507727973235,6.206841061101754
pinn,1000.0,28.0,0.0005,20,23,3.321552340759594,4.544644486710331,6.177267703757271
pinn,1000.0,28.0,0.0005,20,24,3.1756288847293885,4.360388093317385,5.954077686727344
pinn,1000.0,28.0,0.0005,20,25,3.2711031184410944,4.4822439677523676,6.10708838313572
pinn,1000.0,28.0,0.0005,20,26,3.320341670119812,4.560780410501097,6.177848929547394
pinn,1000.0,28.0,0.0005,20,27,3.3184232757364276,4.5516875894859,6.196506897166227
pinn,1000.0,28.0,0.0005,20,28,3.286783817971968,4.516964049435689,6.149307643740801
pinn,1000.0,28.0,0.0005,20,29,3.299652726180178,4.52039563709514,6.160349769353916
pinn,1000.0,28.0,0.0005,20,3,3.3092985766439753,4.532557752769107,6.169381921700555
pinn,1000.0,28.0,0.0005,20,30,3.1949273874054467,4.382441133483808,5.957721894381581
pinn,1000.0,28.0,0.0005,20,31,3.3626213144034467,4.612945500267916,6.227289205125544
pinn,1000.0,28.0,0.0005,20,32,3.4277362898449915,4.705766206144289,6.38540032121418
pinn,1000.0,28.0,0.0005,20,33,3.2169851577113358,4.413122444091032,6.031046227023127
pinn,1000.0,28.0,0.0005,20,34,3.262174114252091,4.471515777442741,6.101737588318037
pinn,1000.0,28.0,0.0005,20,35,3.401552220018089,4.671402332333229,6.292634948604468
pinn,1000.0,28.0,0.0005,20,36,3.2311455956829174,4.42814097651764,6.048951726777186
pinn,1000.0,28.0,0.0005,20,37,3.3609399343267317,4.600511408139059,6.255146386131535
pinn,1000.0,28.0,0.0005,20,38,3.390227967279805,4.645856066992637,6.33869748565307
pinn,1000.0,28.0,0.0005,20,39,3.197725711690961,4.3744658898778335,5.995994180585911
pinn,1000.0,28.0,0.0005,20,4,3.321249339940812,4.563774647047409,6.192196506239181
pinn,1000.0,28.0,0.0005,20,40,3.3669760959383956,4.627832201763018,6.256687738810588
pinn,1000.0,28.0,0.0005,20,41,3.377019742387641,4.640010127253448,6.315752352374766
pinn,1000.0,28.0,0.0005,20,42,3.2342588073621963,4.437919786042947,6.0442817165332015
pinn,1000.0,28.0,0.0005,20,43,3.2816677737537354,4.504217616914483,6.111614460999253
pinn,1000.0,28.0,0.0005,20,44,3.3084269917480476,4.536700929469463,6.1589920743015565
pinn,1000.0,28.0,0.0005,20,45,3.2143372557925782,4.41378670519618,6.0194392432890655
pinn,1000.0,28.0,0.0005,20,46,3.1525750521982054,4.325684722355123,5.915410054952729
pinn,1000.0,28.0,0.0005,20,47,3.3114916153846172,4.543024538265389,6.178251410422976
pinn,1000.0,28.0,0.0005,20,48,3.252161794832321,4.468580502569448,6.046087192775095
pinn,1000.0,28.0,0.0005,20,49,3.237846167318878,4.438445245510443,6.048109516251127
pinn,1000.0,28.0,0.0005,20,5,3.383451334359461,4.621669702336338,6.277405460630407
pinn,1000.0,28.0,0.0005,20,50,3.3242900367324104,4.562306380433756,6.202899924457112
pinn,1000.0,28.0,0.0005,20,51,3.348271252398505,4.590322800993659,6.238810923701576
pinn,1000.0,28.0,0.0005,20,52,3.3805501240778986,4.648662346739133,6.298671821840539
pinn,1000.0,28.0,0.0005,20,53,3.3991694757557727,4.660489307518615,6.318436229634869
pinn,1000.0,28.0,0.0005,20,54,3.378727527605318,4.625002910513965,6.294621969563244
pinn,1000.0,28.0,0.0005,20,55,3.3683528386677497,4.618733564436994,6.256076939604057
pinn,1000.0,28.0,0.0005,20,56,3.442016153284132,4.719776491195061,6.420798209839169
pinn,1000.0,28.0,0.0005,20,57,3.3289951757378002,4.568538305188486,6.219709711114963
pinn,1000.0,28.0,0.0005,20,58,3.3758903840698897,4.618384325112396,6.31796699178516
pinn,1000.0,28.0,0.0005,20,59,3.3673663667636355,4.621477159443228,6.272282601270643
pinn,1000.0,28.0,0.0005,20,6,3.2690755571586854,4.482235045180012,6.108092172508271
pinn,1000.0,28.0,0.0005,20,60,3.417603758163444,4.685417411341956,6.37685293397201
pinn,1000.0,28.0,0.0005,20,61,3.3756226536457783,4.63172037097235,6.301957598323296
pinn,1000.0,28.0,0.0005,20,62,3.3481987963742035,4.591605230299847,6.25540735559467
pinn,1000.0,28.0,0.0005,20,63,3.4062711950220153,4.668812489820457,6.354786288307143
pinn,1000.0,28.0,0.0005,20,64,3.354177694745137,4.5958132439384975,6.248957920615703
pinn,1000.0,28.0,0.0005,20,65,3.3165524734870973,4.548942119307992,6.185676457818502
pinn,1000.0,28.0,0.0005,20,66,3.2744511987981317,4.480083933651138,6.140690371277057
pinn,1000.0,28.0,0.0005,20,67,3.3531536175356966,4.606001111889134,6.226991375882969
pinn,1000.0,28.0,0.0005,20,68,3.1915987163115864,4.381248553623002,5.9593777214497665
pinn,1000.0,28.0,0.0005,20,69,3.308382305624206,4.539241064230119,6.178810037094203
pinn,1000.0,28.0,0.0005,20,7,3.384770369654278,4.643930672216537,6.311984154515571
pinn,1000.0,28.0,0.0005,20,70,3.175399041237887,4.356696596613051,5.950907703990028
pinn,1000.0,28.0,0.0005,20,71,3.3873435356969956,4.64842001886098,6.2967669263993
pinn,1000.0,28.0,0.0005,20,72,3.3197836905326423,4.547562843721655,6.194320941789975
pinn,1000.0,28.0,0.0005,20,73,3.202923839573678,4.394158662655562,5.999349075936764
pinn,1000.0,28.0,0.0005,20,74,3.3719872921668816,4.632072218154744,6.302593164081001
pinn,1000.0,28.0,0.0005,20,75,3.292045558678735,4.510889675636716,6.147118684456517
pinn,1000.0,28.0,0.0005,20,76,3.2054570525508788,4.392234308146256,5.973317584775273
pinn,1000.0,28.0,0.0005,20,77,3.323951619558021,4.5519505881005795,6.203387057847745
pinn,1000.0,28.0,0.0005,20,78,3.2312269088060135,4.435224893490183,6.047195626705787
pinn,1000.0,28.0,0.0005,20,79,3.275928824832936,4.477472316172923,6.123207046257552
pinn,1000.0,28.0,0.0005,20,8,3.2607861824182462,4.471737181342618,6.0400903178051575
pinn,1000.0,28.0,0.0005,20,80,3.264596624992543,4.467490083227642,6.135951320264541
pinn,1000.0,28.0,0.0005,20,81,3.2565611350443113,4.462486079772785,6.10121696000598
pinn,1000.0,28.0,0.0005,20,82,3.330840559105675,4.569286405180891,6.213406565234749
pinn,1000.0,28.0,0.0005,20,83,3.2487474476965845,4.449786495341952,6.070916179037549
pinn,1000.0,28.0,0.0005,20,84,3.346051927825893,4.582476663903115,6.285176587428177
pinn,1000.0,28.0,0.0005,20,85,3.3740959084080377,4.629826019055656,6.286695639701132
pinn,1000.0,28.0,0.0005,20,86,3.3628479180243764,4.613554410928158,6.271840527331986
pinn,1000.0,28.0,0.0005,20,87,3.3130071701859616,4.544213066717059,6.182383123920596
pinn,1000.0,28.0,0.0005,20,88,3.3740273583810736,4.63387770491082,6.307207796451689
pinn,1000.0,28.0,0.0005,20,89,3.3485042183892855,4.595414694087938,6.251337389938707
pinn,1000.0,28.0,0.0005,20,9,3.299850309644794,4.534817770760149,6.157988166330778
pinn,1000.0,28.0,0.0005,20,90,3.2880631002030936,4.494327429334664,6.1322491472066885
pinn,1000.0,28.0,0.0005,20,91,3.2300978370307587,4.434919880149658,6.04620602337273
pinn,1000.0,28.0,0.0005,20,92,3.3047700499891315,4.526902531491509,6.168740767970844
pinn,1000.0,28.0,0.0005,20,93,3.2583083744156762,4.465372788525514,6.097250838015965
pinn,1000.0,28.0,0.0005,20,94,3.2992303354530965,4.526108984709318,6.183245168826208
pinn,1000.0,28.0,0.0005,20,95,3.248628054885847,4.462921716576956,6.052232056139453
pinn,1000.0,28.0,0.0005,20,96,3.4128470890307914,4.683848073856223,6.3533430771453
pinn,1000.0,28.0,0.0005,20,97,3.3379990736545477,4.583142493867385,6.233001315735029
pinn,1000.0,28.0,0.0005,20,98,3.2569545270010347,4.466648611763501,6.092718873964241
pinn,1000.0,28.0,0.0005,20,99,3.2369751935986146,4.440187602740099,6.062176756321647
