model,lmbda,rho,alpha,dobs,seed,X_pRMSE,Y_pRMSE,Z_pRMSE
magi,,23.0,0.05,10,0,0.30974169683786434,2.0190964433277125,2.206067748271782
pinn,0.1,23.0,0.05,10,0,0.354375034135006,0.20835004417260805,0.22817388055223467
pinn,1.0,23.0,0.05,10,0,1.327702116910164,1.6626037272280583,2.885041113628206
pinn,10.0,23.0,0.05,10,0,2.6241404181119106,4.996204529830893,5.021401717713615
pinn,100.0,23.0,0.05,10,0,9.666328736937311,11.443827394118788,9.245271283643268
pinn,1000.0,23.0,0.05,10,0,19.807228630536642,22.56361838208599,22.019138837381945
magi,,23.0,0.05,10,1,0.38193738841075986,2.2458516223105516,2.6330647967780654
pinn,0.1,23.0,0.05,10,1,0.30419814199070155,0.1983363204468645,0.23242985032867547
pinn,1.0,23.0,0.05,10,1,1.699094798595114,1.7505410428267636,2.347144819370981
pinn,10.0,23.0,0.05,10,1,2.546046239747438,2.668837185378218,2.4813106292677554
pinn,100.0,23.0,0.05,10,1,13.3668581718959,16.256824621716444,13.810508414233832
pinn,1000.0,23.0,0.05,10,1,19.625245534793027,21.14105170531468,21.386484052152507
magi,,23.0,0.05,10,2,0.3376257286813457,2.067225241188961,2.302142559816965
pinn,0.1,23.0,0.05,10,2,0.32665437769414873,0.18966917764576038,0.22354023434186152
pinn,1.0,23.0,0.05,10,2,1.3500600889140861,1.8283167795497686,3.1857309237408713
pinn,10.0,23.0,0.05,10,2,3.1216341692075096,4.709123414999942,3.946702865301432
pinn,100.0,23.0,0.05,10,2,6.960387617714683,7.739307723953717,7.104251381826313
pinn,1000.0,23.0,0.05,10,2,20.95367313608674,19.048333179739142,17.927155189188998
magi,,23.0,0.05,10,3,0.5335110221639272,1.5175009760025453,2.0791860411265284
pinn,0.1,23.0,0.05,10,3,0.26510606300210654,0.6213298878609886,0.8428535365371144
pinn,1.0,23.0,0.05,10,3,1.387104783851107,1.6561213184334826,1.9602116362736426
pinn,10.0,23.0,0.05,10,3,2.2208247215389285,2.3381058216702484,2.268331678919732
pinn,100.0,23.0,0.05,10,3,7.905952018411901,7.184698604740413,7.567345571368935
pinn,1000.0,23.0,0.05,10,3,22.683685913739154,18.316121018661935,19.301716902983202
magi,,23.0,0.05,10,4,0.39521803195937993,2.1830812477665544,2.5475930906743387
pinn,0.1,23.0,0.05,10,4,0.2031376199347217,0.1971840149573416,0.2995901451589093
pinn,1.0,23.0,0.05,10,4,1.0318008252753388,0.5051952819306514,1.2077454857455168
pinn,10.0,23.0,0.05,10,4,2.765207837262306,4.09363007458876,4.3077369603075
pinn,100.0,23.0,0.05,10,4,8.801179848833325,11.213516013480236,9.689794356312959
pinn,1000.0,23.0,0.05,10,4,19.14489862795175,20.013899884357325,18.410843451993422
magi,,23.0,0.05,10,5,0.3890775291523841,2.030226334265894,1.9024989016000402
pinn,0.1,23.0,0.05,10,5,0.36462028591106005,0.21507760646659366,0.19855133447988862
pinn,1.0,23.0,0.05,10,5,1.059470645154621,2.2561932227625365,2.5016555007167214
pinn,10.0,23.0,0.05,10,5,1.872396439418323,2.187732084833791,2.001998466773695
pinn,100.0,23.0,0.05,10,5,7.8954801068764855,8.527359744083995,5.869151238810297
pinn,1000.0,23.0,0.05,10,5,17.210645273838455,19.983224890090586,17.701359897825554
magi,,23.0,0.05,10,6,0.3627605015989988,1.609347103821412,2.6920340908214695
pinn,0.1,23.0,0.05,10,6,0.21125035747981516,0.3189742129072773,0.3092884260717837
pinn,1.0,23.0,0.05,10,6,1.657556033024925,1.7677689041518572,2.2230335658326945
pinn,10.0,23.0,0.05,10,6,4.114012840866147,4.028399831016113,3.077496237379572
pinn,100.0,23.0,0.05,10,6,6.120872717832862,5.456616268797825,5.668387117095768
pinn,1000.0,23.0,0.05,10,6,17.181433603040734,20.136867338227493,16.26453907291964
magi,,23.0,0.05,10,7,0.5455302310145329,1.7092328232300418,1.8517162301786292
pinn,0.1,23.0,0.05,10,7,0.21823160046368179,0.2814221550473307,0.3456596015917993
pinn,1.0,23.0,0.05,10,7,3.412318346778072,1.7989791525525736,1.8738672328567807
pinn,10.0,23.0,0.05,10,7,3.1358034868496314,3.6178222849166786,6.262801771726332
pinn,100.0,23.0,0.05,10,7,6.603891019170453,7.708784480687002,7.161848244138306
pinn,1000.0,23.0,0.05,10,7,18.672072478980738,21.564293150332894,19.19393485537833
magi,,23.0,0.05,10,8,0.590535925523073,1.4666323193747492,1.561881709325275
pinn,0.1,23.0,0.05,10,8,0.4046963275735732,0.6317422371028376,1.0340518688827804
pinn,1.0,23.0,0.05,10,8,1.482664495331643,1.8072497169649069,3.293441929224956
pinn,10.0,23.0,0.05,10,8,7.347000962029663,8.611007669354677,8.335881672844318
pinn,100.0,23.0,0.05,10,8,13.100262873864084,17.099496964343075,15.46912903399685
pinn,1000.0,23.0,0.05,10,8,17.68583568491567,21.129980954284104,17.97202714662274
magi,,23.0,0.05,10,9,0.33844065791511824,1.7063893872043197,1.2952519987291342
pinn,0.1,23.0,0.05,10,9,0.32661824287446106,0.20782695369818005,0.235126135634324
pinn,1.0,23.0,0.05,10,9,0.8788777371623135,1.5580097199397573,1.9309549729156872
pinn,10.0,23.0,0.05,10,9,1.5190251500017087,2.0354311695523584,2.4804701735207013
pinn,100.0,23.0,0.05,10,9,7.371685898950634,7.057528398451248,6.68990676643528
pinn,1000.0,23.0,0.05,10,9,18.328247947577413,19.910187700664125,17.543143861385058
magi,,23.0,0.05,10,10,0.5685043987272798,1.405619999418929,2.3147233452621623
pinn,0.1,23.0,0.05,10,10,0.3336156825914426,0.6158967152741316,0.7132482001479565
pinn,1.0,23.0,0.05,10,10,1.96477521502323,2.9384468169800324,3.19226651156086
pinn,10.0,23.0,0.05,10,10,2.453743425104356,3.919802825375249,3.4727063417527613
pinn,100.0,23.0,0.05,10,10,14.086250173036563,31.203630882946264,32.30492109363567
pinn,1000.0,23.0,0.05,10,10,16.829894038763147,19.45272748386329,18.9764139647883
magi,,23.0,0.05,10,11,0.6140193361119928,2.1706979373776387,2.2658730621609853
pinn,0.1,23.0,0.05,10,11,0.19928502352009855,0.20217911017212395,0.3190580825257848
pinn,1.0,23.0,0.05,10,11,1.5234024080381037,1.8875237007992827,2.631749781311475
pinn,10.0,23.0,0.05,10,11,5.022229397181392,4.823328069759324,5.7682862892352755
pinn,100.0,23.0,0.05,10,11,8.97144009108177,8.93486384112946,8.86009701624077
pinn,1000.0,23.0,0.05,10,11,21.522985199535814,24.097298225500822,20.65350040872514
magi,,23.0,0.05,10,12,0.5299348631615377,2.058962152194911,1.8475938337304014
pinn,0.1,23.0,0.05,10,12,0.22164057621133892,0.55525796797247,0.5378122305294174
pinn,1.0,23.0,0.05,10,12,1.5963033953363612,1.8628271507436513,2.3658007175304605
pinn,10.0,23.0,0.05,10,12,2.8179863801527474,3.847856989017644,3.1883192156012488
pinn,100.0,23.0,0.05,10,12,8.68773128251226,8.483516171615832,7.379520758678969
pinn,1000.0,23.0,0.05,10,12,20.032559584934273,22.353620039585223,17.26615682867387
magi,,23.0,0.05,10,13,0.7099401440903381,2.240498831885317,1.7294448789568817
pinn,0.1,23.0,0.05,10,13,0.32056877066548234,0.206991714410721,0.20991438652026082
pinn,1.0,23.0,0.05,10,13,0.9532139513372696,1.6774105032516544,1.1027615450439199
pinn,10.0,23.0,0.05,10,13,3.2094025518586986,3.0215641641426627,3.12955574881641
pinn,100.0,23.0,0.05,10,13,8.784166167614087,9.976473780077185,11.092903714051022
pinn,1000.0,23.0,0.05,10,13,18.955716786594873,16.682990595649546,21.1005148888231
magi,,23.0,0.05,10,14,0.5620030946753808,1.239393951786659,2.20921980057627
pinn,0.1,23.0,0.05,10,14,0.25855703058842155,0.4791437284508302,0.4063644226220939
pinn,1.0,23.0,0.05,10,14,0.9213418969176472,0.734901921437787,1.0347103750405409
pinn,10.0,23.0,0.05,10,14,3.6395852273050573,4.789972658379484,4.665538608908126
pinn,100.0,23.0,0.05,10,14,7.304897136164387,7.024656306266687,6.830264929439503
pinn,1000.0,23.0,0.05,10,14,18.759522855007443,22.419044174449372,21.581181468314615
magi,,23.0,0.05,10,15,0.4649583647898468,1.2891122935183432,2.223341610589371
pinn,0.1,23.0,0.05,10,15,0.3585425437496529,0.5019106964187946,0.4236477632264622
pinn,1.0,23.0,0.05,10,15,0.9606108056563002,0.851313846140066,1.1357163423597973
pinn,10.0,23.0,0.05,10,15,3.23987926710055,6.050641414328149,5.460443605342809
pinn,100.0,23.0,0.05,10,15,7.568386152294496,7.644143432978531,7.840017050562513
pinn,1000.0,23.0,0.05,10,15,17.936287848008583,19.32847126228356,20.84544548151389
magi,,23.0,0.05,10,16,0.44746720924299793,1.944743634738669,1.610265730998821
pinn,0.1,23.0,0.05,10,16,0.20696888530740856,0.2275624247054817,0.29541066827725415
pinn,1.0,23.0,0.05,10,16,0.9817958663886975,0.8973423579316496,1.15023921482082
pinn,10.0,23.0,0.05,10,16,1.701533576296612,1.8391716295038283,2.176715150483638
pinn,100.0,23.0,0.05,10,16,6.04477145503206,8.965350755477585,7.7482218887144185
pinn,1000.0,23.0,0.05,10,16,19.910817927536065,24.87029087424375,24.538492441858132
magi,,23.0,0.05,10,17,0.5988910723576863,1.3559279631133805,2.218587442625409
pinn,0.1,23.0,0.05,10,17,0.2540965853681384,0.32249628992813495,0.40079146179469644
pinn,1.0,23.0,0.05,10,17,1.4768805669344616,1.8492998274386723,2.7719918365190765
pinn,10.0,23.0,0.05,10,17,4.997807100569638,6.601680993508692,6.687050570587805
pinn,100.0,23.0,0.05,10,17,9.437113852104014,7.17616643949971,7.573150306430411
pinn,1000.0,23.0,0.05,10,17,20.3018614553174,17.88372821741277,18.30082799636343
magi,,23.0,0.05,10,18,0.34152691835708093,2.30275134365404,2.0422265781666398
pinn,0.1,23.0,0.05,10,18,0.3360433905054057,0.20860137424443104,0.22351690734675192
pinn,1.0,23.0,0.05,10,18,0.9338089931967577,1.3825502381560912,3.0501851088536895
pinn,10.0,23.0,0.05,10,18,1.9000535200428474,4.590758054775933,4.04415309547894
pinn,100.0,23.0,0.05,10,18,9.03387424974231,12.011559533401117,8.053971547046547
pinn,1000.0,23.0,0.05,10,18,19.147117739660125,21.47616532684084,18.352893528062214
magi,,23.0,0.05,10,19,0.4419611196225968,1.6036928603673422,1.8909281091964085
pinn,0.1,23.0,0.05,10,19,0.30457257371502144,0.2052639482135359,0.21562309418669717
pinn,1.0,23.0,0.05,10,19,0.9375388264877335,0.5159584542012244,1.107802487064391
pinn,10.0,23.0,0.05,10,19,7.2828233338439405,11.58839259480367,11.827571137344533
pinn,100.0,23.0,0.05,10,19,5.684788081607593,6.796045453879489,5.854262438973063
pinn,1000.0,23.0,0.05,10,19,16.34788488629512,16.102595096386707,16.22986476298311
magi,,23.0,0.05,10,20,0.6191262084240389,1.543030788592354,2.2494542911639965
pinn,0.1,23.0,0.05,10,20,0.21018258024022735,0.20791428037202322,0.309891123310158
pinn,1.0,23.0,0.05,10,20,1.6589729496634544,1.729695858087655,2.3629238099361083
pinn,10.0,23.0,0.05,10,20,4.464786438028988,6.542793748726721,5.547090862395693
pinn,100.0,23.0,0.05,10,20,8.3956970840599,12.62154222511821,11.530786338747564
pinn,1000.0,23.0,0.05,10,20,17.513150125851755,20.151663637418174,17.253661646268174
magi,,23.0,0.05,10,21,0.4517435285328388,2.8473539796432417,2.450916047528275
pinn,0.1,23.0,0.05,10,21,0.2963097917555409,0.1827284902132682,0.2048012109346848
pinn,1.0,23.0,0.05,10,21,3.372541341879714,1.834872604844628,1.9568960903522683
pinn,10.0,23.0,0.05,10,21,2.3830827477521725,2.3022411092614825,1.8014016146738148
pinn,100.0,23.0,0.05,10,21,7.193849581979591,6.309415429868893,7.0912839511867585
pinn,1000.0,23.0,0.05,10,21,20.716024145757853,17.171429512658495,18.214443340670417
magi,,23.0,0.05,10,22,0.723895102212305,1.751915252857181,1.941484503673418
pinn,0.1,23.0,0.05,10,22,0.21520026664209704,0.2489534365145931,0.3753048759833269
pinn,1.0,23.0,0.05,10,22,0.8924632180718463,1.4798904996421316,3.2858322823138684
pinn,10.0,23.0,0.05,10,22,2.8675738575546825,5.818840859212619,4.24622285405803
pinn,100.0,23.0,0.05,10,22,7.532835994299854,6.154756041940055,6.872438322321781
pinn,1000.0,23.0,0.05,10,22,18.833900382612537,21.023261249685834,21.55359875544005
magi,,23.0,0.05,10,23,0.37983889891036354,1.3791884880715537,2.1726883530931236
pinn,0.1,23.0,0.05,10,23,0.24688207900604453,0.3540459798072237,0.37207823054744216
pinn,1.0,23.0,0.05,10,23,0.9965620706959072,1.705764638910673,2.4790239787668167
pinn,10.0,23.0,0.05,10,23,1.9546906460950206,2.946380254362634,2.2366959359521186
pinn,100.0,23.0,0.05,10,23,7.203423064718128,6.666231283949978,7.551222659201848
pinn,1000.0,23.0,0.05,10,23,17.77651120410727,20.753787081412696,18.634518974020597
magi,,23.0,0.05,10,24,0.5036239526138052,1.6617573494938924,2.1960858043687987
pinn,0.1,23.0,0.05,10,24,0.2907393504683678,0.5053636351893823,0.49891102201716947
pinn,1.0,23.0,0.05,10,24,1.096365580775432,1.765070929569119,2.780743975460742
pinn,10.0,23.0,0.05,10,24,3.0100032887943127,4.139731205605508,4.063965586102583
pinn,100.0,23.0,0.05,10,24,7.782913273907023,5.8326745848389825,7.111003533916145
pinn,1000.0,23.0,0.05,10,24,18.89905353889615,17.19501045244049,18.777326128100224
magi,,23.0,0.05,10,25,0.34330132230035065,0.867261018419577,2.6195555077441397
pinn,0.1,23.0,0.05,10,25,0.344026855551562,0.731360930530626,0.7170246079259733
pinn,1.0,23.0,0.05,10,25,1.6379688500362923,1.867091568884499,2.3860488634781754
pinn,10.0,23.0,0.05,10,25,3.4189790160921834,3.2011748786623566,2.9624209100242904
pinn,100.0,23.0,0.05,10,25,11.049052412097572,9.780179926966996,7.535256150456826
pinn,1000.0,23.0,0.05,10,25,18.724332860554266,23.013109416055194,17.463967034488654
magi,,23.0,0.05,10,26,0.5852075785285548,1.995779577409114,2.7049281507581275
pinn,0.1,23.0,0.05,10,26,0.579361614205794,0.7947514638146919,0.652865715709813
pinn,1.0,23.0,0.05,10,26,1.0448952920757157,1.3354295062862689,3.150587868277254
pinn,10.0,23.0,0.05,10,26,5.6308700587732305,5.515309720118308,5.917612905391714
pinn,100.0,23.0,0.05,10,26,6.642363483450274,7.293772588410768,8.076827168645831
pinn,1000.0,23.0,0.05,10,26,17.28791920390953,18.807034855637536,17.675951397453183
magi,,23.0,0.05,10,27,0.4812343700251503,1.8378093147298165,2.061615830403529
pinn,0.1,23.0,0.05,10,27,0.18916300303220074,0.42522935107208865,0.5356879992514498
pinn,1.0,23.0,0.05,10,27,1.0445676050068033,6.697622543614531,1.1497056626929283
pinn,10.0,23.0,0.05,10,27,2.75177690109855,4.0457877117902585,2.7305430380611235
pinn,100.0,23.0,0.05,10,27,7.095045390484192,7.046108604402403,6.884740153956355
pinn,1000.0,23.0,0.05,10,27,17.72525291274849,18.43760801884371,16.862309465042312
magi,,23.0,0.05,10,28,0.5270217669806277,2.0973235573867433,2.1865300113162314
pinn,0.1,23.0,0.05,10,28,0.30757175715817414,0.20574025162539436,0.22045793094354066
pinn,1.0,23.0,0.05,10,28,0.853078070297919,2.6795586554655015,0.9199144780099576
pinn,10.0,23.0,0.05,10,28,3.062621499724707,5.1723058338071795,3.584540638629441
pinn,100.0,23.0,0.05,10,28,6.9507327449684055,8.444510510513624,7.450043793172203
pinn,1000.0,23.0,0.05,10,28,17.813080618615892,22.849413180857596,20.358078847398
magi,,23.0,0.05,10,29,0.3328503845186025,2.4266868465572213,2.2258792552728504
pinn,0.1,23.0,0.05,10,29,0.3107498115032891,0.2148912130627279,0.2257693940235308
pinn,1.0,23.0,0.05,10,29,1.2027492076497004,2.202532313735396,1.9114827133526031
pinn,10.0,23.0,0.05,10,29,3.735396016430302,5.752126361152374,4.855387976960856
pinn,100.0,23.0,0.05,10,29,8.368055584939043,10.150446971460717,11.715023808273559
pinn,1000.0,23.0,0.05,10,29,20.8266522688516,23.511427857952526,31.040877450951346
magi,,23.0,0.05,10,30,0.4068717467958043,1.563484862571224,2.5113393223643894
pinn,0.1,23.0,0.05,10,30,0.22738263278895035,0.2337984846199403,0.3094863448965458
pinn,1.0,23.0,0.05,10,30,1.5597900825023163,2.3915218150598214,3.1541032687286186
pinn,10.0,23.0,0.05,10,30,2.8189128951035274,4.3023396800924605,2.943888976928595
pinn,100.0,23.0,0.05,10,30,7.9800228121892065,7.364426590120113,6.514902974855855
pinn,1000.0,23.0,0.05,10,30,20.6979560716679,22.23358277435841,17.199163833108976
magi,,23.0,0.05,10,31,0.4766416164172815,1.766319401819701,2.251570999133082
pinn,0.1,23.0,0.05,10,31,0.2960071917997954,0.1983523614465216,0.23011352470500282
pinn,1.0,23.0,0.05,10,31,1.0200631417915,0.8329976949880362,1.1521534165466814
pinn,10.0,23.0,0.05,10,31,2.185068568758009,2.7500397870611435,2.1776473047710176
pinn,100.0,23.0,0.05,10,31,6.664970182930198,6.823403707376561,6.524261546536266
pinn,1000.0,23.0,0.05,10,31,18.71728023326443,16.740652329523524,16.556873024610784
magi,,23.0,0.05,10,32,0.32197725004999045,2.4142498512720643,1.8486659323839683
pinn,0.1,23.0,0.05,10,32,0.32150382451933485,0.19079079956151557,0.21667352897724548
pinn,1.0,23.0,0.05,10,32,1.1363180745983505,1.6765151744299942,2.4134422644880447
pinn,10.0,23.0,0.05,10,32,4.265222107698032,7.9605596443210835,5.34946272844177
pinn,100.0,23.0,0.05,10,32,6.538057170482886,7.9977660489967235,7.401888477057805
pinn,1000.0,23.0,0.05,10,32,17.353095531749368,23.159629004337287,30.39890786281667
magi,,23.0,0.05,10,33,0.6256942921592822,1.91913827117125,1.6688122610386407
pinn,0.1,23.0,0.05,10,33,0.3454710055361399,0.21343915706672872,0.21476201279755902
pinn,1.0,23.0,0.05,10,33,1.0016155923898873,1.2992164457972466,2.5396328709228184
pinn,10.0,23.0,0.05,10,33,3.677832953708762,3.174808225673264,5.385967427136726
pinn,100.0,23.0,0.05,10,33,7.0259530265544425,6.60146534755072,6.431470354192367
pinn,1000.0,23.0,0.05,10,33,24.5888891653306,21.926420962006862,20.254994183838555
magi,,23.0,0.05,10,34,0.4218062470025244,1.4554182537509275,1.9251725600768073
pinn,0.1,23.0,0.05,10,34,0.2160071308636226,0.20372044521658433,0.30659489179665667
pinn,1.0,23.0,0.05,10,34,1.2089128550652826,0.6435241134030699,1.1511329107139499
pinn,10.0,23.0,0.05,10,34,7.112200689908916,10.166736343876702,9.470331024259421
pinn,100.0,23.0,0.05,10,34,9.180803169075482,11.745788926133121,9.936496402281575
pinn,1000.0,23.0,0.05,10,34,19.806702014078965,18.889804076431528,14.307281113500824
magi,,23.0,0.05,10,35,0.29921557889738976,1.7944827861326498,2.2924840510599602
pinn,0.1,23.0,0.05,10,35,0.2083484608391197,0.21304704042373393,0.29397608810311726
pinn,1.0,23.0,0.05,10,35,1.4643808326686094,1.910189611213763,3.2596544300318437
pinn,10.0,23.0,0.05,10,35,2.824087578821843,3.5518558964366527,2.7486935284373466
pinn,100.0,23.0,0.05,10,35,9.334633688318078,8.390103935126534,9.973871397437758
pinn,1000.0,23.0,0.05,10,35,19.864489894016646,20.505201009700638,18.314770486334684
magi,,23.0,0.05,10,36,0.45622913503659956,2.247229772142993,1.972543230823625
pinn,0.1,23.0,0.05,10,36,0.20119620503589045,0.2062806997835962,0.28830922467503456
pinn,1.0,23.0,0.05,10,36,3.3065505195139364,3.929769473045186,4.558413500419033
pinn,10.0,23.0,0.05,10,36,1.9706524917348835,2.2311204301773424,2.343543504124397
pinn,100.0,23.0,0.05,10,36,7.15739571664144,9.527753453457274,6.9237154608905565
pinn,1000.0,23.0,0.05,10,36,18.437732227096838,25.347898865226103,21.154977927588504
magi,,23.0,0.05,10,37,0.3011589286033647,1.7905157516486372,1.6933895516253392
pinn,0.1,23.0,0.05,10,37,0.3056559067890525,0.18854187991010624,0.21960490018370155
pinn,1.0,23.0,0.05,10,37,1.1141763033984282,0.739209235338916,1.0995514554604942
pinn,10.0,23.0,0.05,10,37,2.0263340534745784,2.943078534089192,2.5694420305173233
pinn,100.0,23.0,0.05,10,37,8.575581490527345,7.672170398569394,9.120185411203302
pinn,1000.0,23.0,0.05,10,37,19.623338911963938,19.967690818674924,20.821712499949214
magi,,23.0,0.05,10,38,0.48003808172998863,1.6388026220281193,2.020033836818513
pinn,0.1,23.0,0.05,10,38,0.33152107527035474,0.20197023035090958,0.23119969290628714
pinn,1.0,23.0,0.05,10,38,0.972509116543343,3.677081875261369,1.1216856750885555
pinn,10.0,23.0,0.05,10,38,2.199091386569416,3.302617582012913,3.640034061180681
pinn,100.0,23.0,0.05,10,38,7.70246748867666,5.893689628775019,8.993455127539276
pinn,1000.0,23.0,0.05,10,38,19.282579010379468,18.285871116649382,20.033759724331432
magi,,23.0,0.05,10,39,0.4392939895505967,2.0275990929002816,2.1773054115365755
pinn,0.1,23.0,0.05,10,39,0.20790512457578997,0.2489189429123694,0.2994409667225421
pinn,1.0,23.0,0.05,10,39,1.7242070551119257,1.577506777155592,2.2667713765085127
pinn,10.0,23.0,0.05,10,39,3.131757696916495,3.494907484368349,3.021049254565583
pinn,100.0,23.0,0.05,10,39,8.630664351798892,9.629391246871236,8.773551566457678
pinn,1000.0,23.0,0.05,10,39,22.79259271999245,21.797175576354213,20.661825856558696
magi,,23.0,0.05,10,40,0.4029879850473337,0.99932920128341,2.373747107846789
pinn,0.1,23.0,0.05,10,40,0.2124473681741633,0.27190199392114245,0.40575400244719356
pinn,1.0,23.0,0.05,10,40,1.2944363753149404,1.7790805277596948,2.276888629183568
pinn,10.0,23.0,0.05,10,40,2.6190613093015815,3.0269972907279588,2.4659933720031506
pinn,100.0,23.0,0.05,10,40,8.509747530461304,9.445127562780135,11.587022658532456
pinn,1000.0,23.0,0.05,10,40,17.31446740721372,22.495875079274605,19.453860412945932
magi,,23.0,0.05,10,41,0.2888698779264202,2.015147355164888,1.8815943916231692
pinn,0.1,23.0,0.05,10,41,0.294242241615243,0.6964555585004337,0.5601871999536681
pinn,1.0,23.0,0.05,10,41,0.9858111146842167,1.2575362396521994,1.1242209610304588
pinn,10.0,23.0,0.05,10,41,2.77897832618212,3.476814399025771,3.8611925132642675
pinn,100.0,23.0,0.05,10,41,7.295738289109722,9.10945515918243,8.833386625583408
pinn,1000.0,23.0,0.05,10,41,17.146899355410508,24.326273573091274,17.421213584954238
magi,,23.0,0.05,10,42,0.45999213908317577,1.6573417248475102,2.2207824338115616
pinn,0.1,23.0,0.05,10,42,0.2567508352236514,0.35078747124270776,0.3561362364737957
pinn,1.0,23.0,0.05,10,42,1.2299794284264955,1.7153712106164063,2.7191457485742068
pinn,10.0,23.0,0.05,10,42,2.473742521869083,3.4255516924988703,4.7269421966104215
pinn,100.0,23.0,0.05,10,42,8.223504632147753,8.474618871620377,9.04643223850014
pinn,1000.0,23.0,0.05,10,42,18.006700692487787,15.874669138851013,19.003038520360928
magi,,23.0,0.05,10,43,0.4384941879954025,2.214837241686867,2.3467627195369563
pinn,0.1,23.0,0.05,10,43,0.24768725176247805,0.26935746207814915,0.3755308157973344
pinn,1.0,23.0,0.05,10,43,1.8537066309346104,1.7872507151450496,2.249727564960216
pinn,10.0,23.0,0.05,10,43,1.767791452621742,2.0823701629545712,2.1395179811202234
pinn,100.0,23.0,0.05,10,43,7.3715446533661435,8.676297785376669,7.477737016621485
pinn,1000.0,23.0,0.05,10,43,18.392944099495033,20.074322680050145,17.406749308955135
magi,,23.0,0.05,10,44,0.4380029748570213,1.7946679642866687,1.8363334923974641
pinn,0.1,23.0,0.05,10,44,0.29827183883484276,0.19633759174832818,0.22728520185337894
pinn,1.0,23.0,0.05,10,44,1.2470165438029726,2.1093055876860856,2.055955672350966
pinn,10.0,23.0,0.05,10,44,2.0652605307780605,2.505687314693966,2.1884679000891194
pinn,100.0,23.0,0.05,10,44,7.01639697417298,7.431649278443115,6.562298548962946
pinn,1000.0,23.0,0.05,10,44,17.608158062448567,22.128276500075533,16.29615558967393
magi,,23.0,0.05,10,45,0.4125245933483887,1.8200720457520263,2.1468055225662233
pinn,0.1,23.0,0.05,10,45,0.17161251044257966,0.22907532257736432,0.366040065320748
pinn,1.0,23.0,0.05,10,45,1.3358800140024951,1.7868546508114438,3.006867460417342
pinn,10.0,23.0,0.05,10,45,3.124280454840152,5.133609409074964,3.365015169536019
pinn,100.0,23.0,0.05,10,45,7.387158549654187,7.763808776917787,6.475513964989414
pinn,1000.0,23.0,0.05,10,45,21.1274525436173,19.690395169387244,17.917168869709013
magi,,23.0,0.05,10,46,0.38010705071190454,1.711015850809692,1.9214333190895274
pinn,0.1,23.0,0.05,10,46,0.2174237093425529,0.2759254008340865,0.31202844329780427
pinn,1.0,23.0,0.05,10,46,1.1648578339328373,0.5032095235638282,1.149322663638043
pinn,10.0,23.0,0.05,10,46,2.794005711400652,3.0811231055935915,2.930132128674332
pinn,100.0,23.0,0.05,10,46,7.859223360755277,7.30749043054793,7.473307097061204
pinn,1000.0,23.0,0.05,10,46,19.891416944587814,19.786519080565455,18.003686226055756
magi,,23.0,0.05,10,47,0.5729441158085841,2.240309727785357,2.189852594083279
pinn,0.1,23.0,0.05,10,47,0.3755765319865589,0.20785707417605853,0.19962425495080763
pinn,1.0,23.0,0.05,10,47,1.7206491450017354,1.6697049658270235,2.3074698445576063
pinn,10.0,23.0,0.05,10,47,2.5327038969417845,3.3973883133797123,2.798045766411584
pinn,100.0,23.0,0.05,10,47,7.122663313466112,6.814950348053186,7.043833716677066
pinn,1000.0,23.0,0.05,10,47,19.86043455216382,21.37298986730273,17.744806161350713
magi,,23.0,0.05,10,48,0.5599067276466401,2.505958954745412,2.724521876454368
pinn,0.1,23.0,0.05,10,48,0.33871470085884786,0.6208112176544966,0.5806395233373346
pinn,1.0,23.0,0.05,10,48,1.5505273906244528,2.039795595057656,2.557004097392328
pinn,10.0,23.0,0.05,10,48,12.66284715942022,9.462641492988055,11.378293002521328
pinn,100.0,23.0,0.05,10,48,7.9275901528851,7.806371691062956,6.801450255959139
pinn,1000.0,23.0,0.05,10,48,19.409990700252518,20.12134399748229,19.948077576152052
magi,,23.0,0.05,10,49,0.3767353400770015,2.842622124699179,2.309327133457343
pinn,0.1,23.0,0.05,10,49,0.2270668048860237,0.4070300412014955,0.4443378201520479
pinn,1.0,23.0,0.05,10,49,0.9716953481505912,2.056596995112285,3.09115280474427
pinn,10.0,23.0,0.05,10,49,3.1846107411383913,3.751613111784903,3.892065471709974
pinn,100.0,23.0,0.05,10,49,7.818668723406007,10.564640615426491,12.333253931947507
pinn,1000.0,23.0,0.05,10,49,21.322337400999064,33.46810176845962,31.388321186374856
magi,,23.0,0.05,10,50,0.4177639447147962,2.8360408196858127,1.695475307569312
pinn,0.1,23.0,0.05,10,50,0.3125194724327038,0.20532294665776402,0.22459001432426842
pinn,1.0,23.0,0.05,10,50,1.105285929865208,1.863207257608814,2.990478095293105
pinn,10.0,23.0,0.05,10,50,2.4266788950654243,3.155886522132291,3.0337971860239676
pinn,100.0,23.0,0.05,10,50,8.861207280908799,11.05001776619512,10.62892409069336
pinn,1000.0,23.0,0.05,10,50,14.830864964216271,20.965671736759266,15.19448505944895
magi,,23.0,0.05,10,51,0.4168369078138871,1.2132444691723943,2.102626446110451
pinn,0.1,23.0,0.05,10,51,0.31847540810010316,0.20205736595183835,0.22472009942497556
pinn,1.0,23.0,0.05,10,51,1.6582499594617837,1.6408259233351685,2.3858920183837604
pinn,10.0,23.0,0.05,10,51,1.883974241148415,2.376094121703059,2.4501393781456637
pinn,100.0,23.0,0.05,10,51,9.744081250155327,10.372254561550793,10.287539066837327
pinn,1000.0,23.0,0.05,10,51,23.952312471895244,22.326374847361915,28.28547804479066
magi,,23.0,0.05,10,52,0.4349673204692438,1.868033969487611,2.6683852439669633
pinn,0.1,23.0,0.05,10,52,0.25472530212075023,0.4807481990796707,0.340544894888855
pinn,1.0,23.0,0.05,10,52,1.582021495691975,2.0650317845293062,2.362718847881903
pinn,10.0,23.0,0.05,10,52,4.065141389007051,5.73769383320551,4.962966535617122
pinn,100.0,23.0,0.05,10,52,8.361085468258088,10.870543848588337,15.930806127404963
pinn,1000.0,23.0,0.05,10,52,19.492281628016766,20.487680051764208,15.866260311025286
magi,,23.0,0.05,10,53,0.2970740807125608,2.0571161718666966,1.933762242513478
pinn,0.1,23.0,0.05,10,53,0.3199612429325795,0.20843231356630726,0.29117143301363557
pinn,1.0,23.0,0.05,10,53,1.1005090940691142,1.2581768648057772,1.1223825615896288
pinn,10.0,23.0,0.05,10,53,2.597582788069338,3.7754801390567394,2.742791413352759
pinn,100.0,23.0,0.05,10,53,7.842258165171066,9.790986645737483,9.320092742857508
pinn,1000.0,23.0,0.05,10,53,17.409038025271443,17.40068130396347,17.17991388191364
magi,,23.0,0.05,10,54,0.42222386537500667,1.8033687678768355,2.235379764552833
pinn,0.1,23.0,0.05,10,54,0.3721642513990383,0.2233396259886061,0.19923995600915922
pinn,1.0,23.0,0.05,10,54,1.4324946282335258,1.9000939211961911,3.0816467022219323
pinn,10.0,23.0,0.05,10,54,1.6121125140451875,1.717372113837974,2.0228555618608013
pinn,100.0,23.0,0.05,10,54,8.341858006058562,7.979325932940077,7.4948557354534975
pinn,1000.0,23.0,0.05,10,54,20.680266990449688,21.774464347614227,17.017546635022434
magi,,23.0,0.05,10,55,0.5554922897341938,2.0692053032788507,2.236057865956856
pinn,0.1,23.0,0.05,10,55,0.21398001308712522,0.23048088522371066,0.37620047374090543
pinn,1.0,23.0,0.05,10,55,1.3643311307464432,1.7742625113983688,3.0852032041183097
pinn,10.0,23.0,0.05,10,55,2.7110935093782755,3.9052518012973234,3.853937304699897
pinn,100.0,23.0,0.05,10,55,7.574931090372803,8.3878126542292,8.176141103501495
pinn,1000.0,23.0,0.05,10,55,17.39613386878779,17.047921303175773,17.041312850811927
magi,,23.0,0.05,10,56,0.42753638953942263,2.0449819540872647,1.7810780708224632
pinn,0.1,23.0,0.05,10,56,0.269068661553395,0.5291756103100519,0.4610367294937991
pinn,1.0,23.0,0.05,10,56,1.5172216260307807,1.7717701291517272,2.455835820212015
pinn,10.0,23.0,0.05,10,56,2.6181394342741755,3.9760775499893475,2.8719244585011348
pinn,100.0,23.0,0.05,10,56,7.659792704944107,8.529146472749861,6.875314204046228
pinn,1000.0,23.0,0.05,10,56,16.770441107913708,21.951965162295895,16.409849891433556
magi,,23.0,0.05,10,57,0.5854942922445207,1.974207263113752,1.8789653306667562
pinn,0.1,23.0,0.05,10,57,0.34731572970877506,0.19775472732406715,0.20200686848235488
pinn,1.0,23.0,0.05,10,57,1.4109567881240208,1.934404442470548,3.3056676363871462
pinn,10.0,23.0,0.05,10,57,1.6226547746802864,2.705138226461613,2.5013824007028167
pinn,100.0,23.0,0.05,10,57,6.906406096031465,11.114731895524532,12.092580238701137
pinn,1000.0,23.0,0.05,10,57,20.06230549503005,20.30820297957281,23.439224144490815
magi,,23.0,0.05,10,58,0.5164227636824275,1.0746558943866902,1.917681904389765
pinn,0.1,23.0,0.05,10,58,0.3143253807502139,0.2275285390024834,0.22187107874181033
pinn,1.0,23.0,0.05,10,58,1.1979572945100274,3.0700870960904783,3.1122502474640816
pinn,10.0,23.0,0.05,10,58,3.399227037253654,4.67540192093791,5.679618181685069
pinn,100.0,23.0,0.05,10,58,6.760702599018312,7.473471366234662,6.307153809014441
pinn,1000.0,23.0,0.05,10,58,17.305580899627824,21.846055275381925,16.81029305958414
magi,,23.0,0.05,10,59,0.42390613897917395,2.355722419640239,2.34899160181987
pinn,0.1,23.0,0.05,10,59,0.2375319233588667,0.3902979090703919,0.4433656897362676
pinn,1.0,23.0,0.05,10,59,0.6680500922035977,1.2414242793799026,3.005624945441543
pinn,10.0,23.0,0.05,10,59,2.149530429094054,2.147785661793001,2.852484515945982
pinn,100.0,23.0,0.05,10,59,6.081832691692497,6.014984365200034,7.453382191042211
pinn,1000.0,23.0,0.05,10,59,25.12113438463977,31.817709785211466,41.09995610528012
magi,,23.0,0.05,10,60,0.489665632013879,2.6978879363739807,2.7176566920891547
pinn,0.1,23.0,0.05,10,60,0.22793207395887863,0.23711177382200843,0.3024658497179989
pinn,1.0,23.0,0.05,10,60,1.2607860500432513,0.6835396167068701,1.1241182438066881
pinn,10.0,23.0,0.05,10,60,2.523255224774204,4.235607787369764,4.192840623935225
pinn,100.0,23.0,0.05,10,60,5.747371001912808,7.656891936845699,7.060258618982295
pinn,1000.0,23.0,0.05,10,60,23.441691847561323,25.15641950036602,28.20705010049385
magi,,23.0,0.05,10,61,0.4806181962011087,1.65028768534994,1.5869322822493144
pinn,0.1,23.0,0.05,10,61,0.3336705140212259,0.22625863260541676,0.2354034372473578
pinn,1.0,23.0,0.05,10,61,1.1123858799865423,0.42175245355281643,1.147819188105168
pinn,10.0,23.0,0.05,10,61,4.156414788450805,4.810075461949504,3.79858039502244
pinn,100.0,23.0,0.05,10,61,12.602109314370702,10.72220394585112,8.06618729451244
pinn,1000.0,23.0,0.05,10,61,25.778143705903226,23.7632164485214,22.74034033831131
magi,,23.0,0.05,10,62,0.6974957311648848,1.8125431711236717,1.8313668844097402
pinn,0.1,23.0,0.05,10,62,0.2295108017809482,0.2536782366153464,0.2502833319082836
pinn,1.0,23.0,0.05,10,62,1.5576153286019134,1.8616991165405854,2.8736678580186226
pinn,10.0,23.0,0.05,10,62,3.462369972031446,5.565325594669162,4.394622201053304
pinn,100.0,23.0,0.05,10,62,6.808176344712122,6.1755954974205,5.803501799036705
pinn,1000.0,23.0,0.05,10,62,20.245168389393232,20.452201967548522,15.234350355641928
magi,,23.0,0.05,10,63,0.38907128572011074,0.9324416865925919,2.4772841256664284
pinn,0.1,23.0,0.05,10,63,0.2669796958105794,0.18667766840441682,0.2274537797845523
pinn,1.0,23.0,0.05,10,63,1.3209966533727633,2.0880832940496994,2.694726171378293
pinn,10.0,23.0,0.05,10,63,3.658231046008153,4.757529334434812,4.406041049213249
pinn,100.0,23.0,0.05,10,63,8.079983936853111,7.998164656000713,8.981812231488412
pinn,1000.0,23.0,0.05,10,63,18.207954476259815,21.68426684394799,17.605807747587612
magi,,23.0,0.05,10,64,0.49795592676932515,2.303547077977172,2.1582710727987005
pinn,0.1,23.0,0.05,10,64,0.21460026206721022,0.2220114917416231,0.31324140282407964
pinn,1.0,23.0,0.05,10,64,0.7477058385362222,1.4190606764392448,3.01154916359221
pinn,10.0,23.0,0.05,10,64,2.883416460481219,5.116699306192548,3.805998120307931
pinn,100.0,23.0,0.05,10,64,7.610400956255144,8.229319996988886,9.05657652380912
pinn,1000.0,23.0,0.05,10,64,18.488340777982987,21.48591628877478,16.72808182811856
magi,,23.0,0.05,10,65,0.4433566769821792,0.970924500206219,2.164035770806314
pinn,0.1,23.0,0.05,10,65,0.34912728237717466,0.20534888236129634,0.18795674911665136
pinn,1.0,23.0,0.05,10,65,1.0199758333809819,0.44304256822943205,1.2402636139892345
pinn,10.0,23.0,0.05,10,65,3.8195802427369716,5.473679857341509,4.34101855168813
pinn,100.0,23.0,0.05,10,65,7.637948903621269,11.495130711542055,7.813924418957768
pinn,1000.0,23.0,0.05,10,65,20.236276013647803,20.48597145878403,18.200855015522627
magi,,23.0,0.05,10,66,0.5713824185674002,2.085468114119541,2.3602673505764744
pinn,0.1,23.0,0.05,10,66,0.3390283497676219,0.2336287376033717,0.2568335748495479
pinn,1.0,23.0,0.05,10,66,1.7301859731206826,1.636277436797266,2.3244200850360057
pinn,10.0,23.0,0.05,10,66,2.1633844546619736,3.394802044192303,2.9285424282626424
pinn,100.0,23.0,0.05,10,66,7.254492731345219,10.001747590504777,8.886473529657613
pinn,1000.0,23.0,0.05,10,66,22.90927586807673,28.432168752700406,32.546098123337785
magi,,23.0,0.05,10,67,0.42122848991584605,1.6848334255616386,1.603058638760553
pinn,0.1,23.0,0.05,10,67,0.24485653472322425,0.5724503280273325,0.6986256060505527
pinn,1.0,23.0,0.05,10,67,1.3690647961547053,2.1855856462404373,2.351560351781574
pinn,10.0,23.0,0.05,10,67,3.400955096625071,4.9635155230492325,3.924135027930573
pinn,100.0,23.0,0.05,10,67,7.344633250667928,6.787252893732001,6.51895551380382
pinn,1000.0,23.0,0.05,10,67,18.64747864308213,18.39393212920005,19.11678636459974
magi,,23.0,0.05,10,68,0.5318737530584636,1.4797859836840501,2.0959142678624185
pinn,0.1,23.0,0.05,10,68,0.21070533011166206,0.2671289240970248,0.3518460986840547
pinn,1.0,23.0,0.05,10,68,0.983829222393588,2.437334031087765,1.1410876388121614
pinn,10.0,23.0,0.05,10,68,3.426308276602524,3.7081110217858355,3.575205264873774
pinn,100.0,23.0,0.05,10,68,7.41957093603746,7.876826272525679,7.667466879034714
pinn,1000.0,23.0,0.05,10,68,21.98999130130274,20.226967984577087,20.048105693386713
magi,,23.0,0.05,10,69,0.45173293581946394,1.5175365588623806,2.3252507175993147
pinn,0.1,23.0,0.05,10,69,0.25273755758883915,0.35186946431381716,0.2962601979235629
pinn,1.0,23.0,0.05,10,69,1.3946802208186002,2.6730827167169338,2.963299522627639
pinn,10.0,23.0,0.05,10,69,2.4472769974295585,2.57912211823664,2.027173149020255
pinn,100.0,23.0,0.05,10,69,9.898933553998031,9.103779970219001,7.915833973850608
pinn,1000.0,23.0,0.05,10,69,22.84387214249204,30.027966747355347,33.447871629015275
magi,,23.0,0.05,10,70,0.2521307150446099,2.183437086868365,1.8833386436470694
pinn,0.1,23.0,0.05,10,70,0.3058593694713271,0.1954113926109754,0.22647784318456454
pinn,1.0,23.0,0.05,10,70,0.9756892042435146,1.2869581270774253,1.8570096511617022
pinn,10.0,23.0,0.05,10,70,2.551397948168483,2.693782619614296,2.514830639886685
pinn,100.0,23.0,0.05,10,70,8.796644366299947,11.15235327412138,16.6954330884074
pinn,1000.0,23.0,0.05,10,70,18.004297670149672,22.712569518638063,23.437338581708676
magi,,23.0,0.05,10,71,0.5862577052429808,1.4257028870264905,2.0203738361319834
pinn,0.1,23.0,0.05,10,71,0.34175131282351245,0.5780185931473389,0.4973045015538449
pinn,1.0,23.0,0.05,10,71,1.0638932550409275,2.2176766974487876,2.067988156061739
pinn,10.0,23.0,0.05,10,71,4.9786164505337345,7.370630530783362,11.2323917197439
pinn,100.0,23.0,0.05,10,71,8.085788835645818,7.7696709237412795,9.210361906278793
pinn,1000.0,23.0,0.05,10,71,20.32342816195093,20.162153713892135,21.665321615765883
magi,,23.0,0.05,10,72,0.48058902590999336,1.7221477715877767,2.1297872163111626
pinn,0.1,23.0,0.05,10,72,0.38188810800169487,0.19574877564119725,0.20159198026137537
pinn,1.0,23.0,0.05,10,72,1.171780884683628,1.830694241074075,3.286060249735327
pinn,10.0,23.0,0.05,10,72,6.453932765212109,6.044446071697399,7.676674176532001
pinn,100.0,23.0,0.05,10,72,10.54294246086637,7.5054386972119485,9.936567962840163
pinn,1000.0,23.0,0.05,10,72,22.641213618059407,18.278338097748787,17.828691547693996
magi,,23.0,0.05,10,73,0.4163515692383453,1.3229473279882529,2.113574093495823
pinn,0.1,23.0,0.05,10,73,0.3252724721395015,0.21123257285586403,0.22194873673499296
pinn,1.0,23.0,0.05,10,73,1.3691142716091786,2.2073937483154444,2.80659385490769
pinn,10.0,23.0,0.05,10,73,5.747366334012357,6.963946809690269,4.935602798797815
pinn,100.0,23.0,0.05,10,73,6.7080106233253,7.406527423189837,6.736974603065929
pinn,1000.0,23.0,0.05,10,73,25.21565722169173,27.241743745396928,21.7999807090077
magi,,23.0,0.05,10,74,0.408209175140351,2.7441816926168756,1.804714021331919
pinn,0.1,23.0,0.05,10,74,0.4675701839329239,0.5195176907750342,0.5683871675614912
pinn,1.0,23.0,0.05,10,74,0.7473977278113407,1.337124045497086,2.019002237900649
pinn,10.0,23.0,0.05,10,74,2.41371993352562,2.89298580763992,2.674382514423805
pinn,100.0,23.0,0.05,10,74,7.55840485942939,8.391708943695477,7.6125115508715915
pinn,1000.0,23.0,0.05,10,74,19.643919941249003,20.81568786374981,22.04490172540263
magi,,23.0,0.05,10,75,0.3701667223621433,2.5607067667794565,2.370885605778875
pinn,0.1,23.0,0.05,10,75,0.21591008348904503,0.24328892071214042,0.31839616633744944
pinn,1.0,23.0,0.05,10,75,1.3611054129042708,1.8289583073729563,3.1801302308632504
pinn,10.0,23.0,0.05,10,75,0.07498188119983926,0.00041624517763261845,0.07591348868224837
pinn,100.0,23.0,0.05,10,75,7.472438793221955,6.579761121827749,6.701367440412657
pinn,1000.0,23.0,0.05,10,75,20.289274717127867,17.21111415579824,19.316338005514343
magi,,23.0,0.05,10,76,0.6070360981806274,1.8229959686536632,2.709385799598073
pinn,0.1,23.0,0.05,10,76,0.25607753642511877,0.15980013158843528,0.21574797685395047
pinn,1.0,23.0,0.05,10,76,1.0497294260246313,1.563114039976278,1.144686847911837
pinn,10.0,23.0,0.05,10,76,1.9522566255225076,2.3739135230153594,2.2026657891870767
pinn,100.0,23.0,0.05,10,76,8.574666214857944,7.526232264991518,6.544040622268453
pinn,1000.0,23.0,0.05,10,76,18.28625260347969,20.087342576229343,16.217222818287674
magi,,23.0,0.05,10,77,0.4379182706964088,2.0172078565393226,2.2948398925321034
pinn,0.1,23.0,0.05,10,77,0.24005318371772977,0.27626909764539986,0.30958753886668794
pinn,1.0,23.0,0.05,10,77,1.0161832575466105,0.5915554809306831,1.133063180543336
pinn,10.0,23.0,0.05,10,77,3.222500583560399,4.7943731355562935,4.665686421528119
pinn,100.0,23.0,0.05,10,77,7.355985558387925,6.830063279677424,7.733307436326127
pinn,1000.0,23.0,0.05,10,77,18.266298604498413,18.890311871052184,19.632868250181915
magi,,23.0,0.05,10,78,0.5044209494009114,1.4909776017521168,2.0137002342330095
pinn,0.1,23.0,0.05,10,78,0.30850295417452095,0.1856787756006713,0.21406148819055618
pinn,1.0,23.0,0.05,10,78,1.0291164546588345,2.2480793317641226,2.08995753237492
pinn,10.0,23.0,0.05,10,78,2.296223341533051,4.4366497889088,4.03044125263639
pinn,100.0,23.0,0.05,10,78,6.969556266234115,8.412211642259512,6.288478922049236
pinn,1000.0,23.0,0.05,10,78,18.643817211669255,19.44637705614945,15.606656898072602
magi,,23.0,0.05,10,79,0.5005852048975292,2.651430671418424,1.8838687558389062
pinn,0.1,23.0,0.05,10,79,0.21502078888901624,0.3556233534042518,0.29121997163663144
pinn,1.0,23.0,0.05,10,79,1.1504292411268828,0.6184765591523834,1.190255010562308
pinn,10.0,23.0,0.05,10,79,1.5902787939395036,2.550019300611365,1.9027497527944428
pinn,100.0,23.0,0.05,10,79,6.865529741603701,7.481582109744779,7.59698085831385
pinn,1000.0,23.0,0.05,10,79,20.217851265828788,26.72516249052943,20.289734759724137
magi,,23.0,0.05,10,80,0.30182937104880225,2.401872700167116,2.0685128192556324
pinn,0.1,23.0,0.05,10,80,0.18084250026617454,0.27172241956753046,0.34994728157793903
pinn,1.0,23.0,0.05,10,80,0.6272144018030839,1.261093259360325,2.0305614567808874
pinn,10.0,23.0,0.05,10,80,4.013979048490708,4.263559465809527,3.7447634580741074
pinn,100.0,23.0,0.05,10,80,8.165799735024047,7.022697160305897,7.659615565352015
pinn,1000.0,23.0,0.05,10,80,19.78026536558583,20.39168772737589,22.355945022259426
magi,,23.0,0.05,10,81,0.4176566468852761,2.5156054731100075,2.0864232864098446
pinn,0.1,23.0,0.05,10,81,0.21500595600123715,0.24502202848190666,0.2888313021212799
pinn,1.0,23.0,0.05,10,81,1.3994074908976726,1.7058255247944212,2.8333815198123156
pinn,10.0,23.0,0.05,10,81,4.053046161626596,6.587306997764179,6.742221611599149
pinn,100.0,23.0,0.05,10,81,7.145997879591338,6.869982299932667,6.437229505013802
pinn,1000.0,23.0,0.05,10,81,18.917933627623174,20.87961823859826,18.02714400310061
magi,,23.0,0.05,10,82,0.5792781569170673,1.8132594952151713,2.3433096288080844
pinn,0.1,23.0,0.05,10,82,0.2634498868298337,0.5466488408633612,0.6421159740721782
pinn,1.0,23.0,0.05,10,82,1.3249835661979226,1.688043969846508,3.0147051129973415
pinn,10.0,23.0,0.05,10,82,3.9082816361105834,4.27645734497903,5.341265766577473
pinn,100.0,23.0,0.05,10,82,8.065312111141603,8.096570275352944,7.648730066202082
pinn,1000.0,23.0,0.05,10,82,19.800303801156872,17.17981404500436,19.447401711712992
magi,,23.0,0.05,10,83,0.45359493478356044,1.9267475720216583,2.3132609853396544
pinn,0.1,23.0,0.05,10,83,0.2703077583770857,0.5075176972219443,0.4499011791353272
pinn,1.0,23.0,0.05,10,83,0.6884796553133553,1.03624275043326,1.9384616608078573
pinn,10.0,23.0,0.05,10,83,2.0220824917841442,2.399642313405633,2.308831194926303
pinn,100.0,23.0,0.05,10,83,6.725475010983548,7.014281976003073,6.6532903338738265
pinn,1000.0,23.0,0.05,10,83,18.559658458061246,21.077366454058332,19.616757875826032
magi,,23.0,0.05,10,84,0.41515922227701907,3.0522001460280044,1.9279227100964909
pinn,0.1,23.0,0.05,10,84,0.3050944488811415,0.20051572037037735,0.22783095400135578
pinn,1.0,23.0,0.05,10,84,0.9449698702887649,1.4964663181640838,3.0581998364198553
pinn,10.0,23.0,0.05,10,84,2.3607523501155043,3.3675539905204883,3.201973759143486
pinn,100.0,23.0,0.05,10,84,6.313024010543868,7.932033016492205,7.2160065480870985
pinn,1000.0,23.0,0.05,10,84,16.408882086914794,17.468904501747883,17.792265878601274
magi,,23.0,0.05,10,85,0.30136675090114223,1.8514078790844166,2.3502409236357154
pinn,0.1,23.0,0.05,10,85,0.3085391042955774,0.19758009133768784,0.23924277384239087
pinn,1.0,23.0,0.05,10,85,1.1788465028447708,2.1405622565162057,2.4800474706320434
pinn,10.0,23.0,0.05,10,85,5.110840094500762,5.4656354485336225,5.047257523507977
pinn,100.0,23.0,0.05,10,85,7.899784279058324,7.573089648942052,7.0658546850587465
pinn,1000.0,23.0,0.05,10,85,20.130947232379295,19.59954921513598,17.62349351220692
magi,,23.0,0.05,10,86,0.4650569231341693,2.3695472470636356,1.923600170855641
pinn,0.1,23.0,0.05,10,86,0.285860412608703,0.46809859227531425,0.6691707760369415
pinn,1.0,23.0,0.05,10,86,2.0753416737323183,2.7549587070358332,2.1267813900523183
pinn,10.0,23.0,0.05,10,86,2.702202619344056,3.515004981842259,3.04275750363221
pinn,100.0,23.0,0.05,10,86,7.274519365601963,9.014503182996988,8.148902893934983
pinn,1000.0,23.0,0.05,10,86,17.937779449736613,20.888049652018392,17.473339767288447
magi,,23.0,0.05,10,87,0.3203586879739481,1.7571137672482988,2.4189518658328177
pinn,0.1,23.0,0.05,10,87,0.29039389628804174,0.2024519323228951,0.22399153251015635
pinn,1.0,23.0,0.05,10,87,3.3697405110989758,1.8418009977576182,1.9044842171111238
pinn,10.0,23.0,0.05,10,87,2.1670057044473245,2.7555380263689564,2.2598720226049966
pinn,100.0,23.0,0.05,10,87,6.5721328355725275,7.167047697992345,6.233106000721042
pinn,1000.0,23.0,0.05,10,87,19.352939093599716,20.18542453033872,16.57570172294913
magi,,23.0,0.05,10,88,0.3650218119476522,2.1240725675735037,3.1853954968992335
pinn,0.1,23.0,0.05,10,88,0.3563134502580759,0.21326121744947485,0.20623838508924222
pinn,1.0,23.0,0.05,10,88,1.090801678243707,0.5412338923686162,1.1599429177585407
pinn,10.0,23.0,0.05,10,88,4.163584201051271,5.813020871487924,5.952799161806987
pinn,100.0,23.0,0.05,10,88,13.346947656426586,10.828305815445756,9.20097691078567
pinn,1000.0,23.0,0.05,10,88,20.627323671255922,20.345932667144453,19.52787877130051
magi,,23.0,0.05,10,89,0.5154181191086843,1.9742480388933705,2.0984351871422007
pinn,0.1,23.0,0.05,10,89,0.32911498412813345,0.1917045180251883,0.20763429281831433
pinn,1.0,23.0,0.05,10,89,1.188192542146329,0.7547221834875564,1.1344233424815604
pinn,10.0,23.0,0.05,10,89,2.8906042646436476,3.876629639534312,3.001080635137526
pinn,100.0,23.0,0.05,10,89,7.209029318915549,6.82042634553038,7.006082870469819
pinn,1000.0,23.0,0.05,10,89,23.02649012273285,21.36937413179623,22.83279786124223
magi,,23.0,0.05,10,90,0.2789703805230581,2.0720965299969554,2.40051084188953
pinn,0.1,23.0,0.05,10,90,0.34459454754195457,0.20927787887724814,0.22316736998023978
pinn,1.0,23.0,0.05,10,90,1.1194205415934537,6.879906582707358,1.1227237905649368
pinn,10.0,23.0,0.05,10,90,3.338023097907749,3.3620926084620373,3.7040613478903843
pinn,100.0,23.0,0.05,10,90,8.515351623233558,8.274080273748684,6.907543089582959
pinn,1000.0,23.0,0.05,10,90,20.286007624736772,20.075054686575847,19.369755083595294
magi,,23.0,0.05,10,91,0.5353427676187362,2.2026678632797223,2.9511362276090387
pinn,0.1,23.0,0.05,10,91,0.29449522614232637,0.19288576750594974,0.22005054376943217
pinn,1.0,23.0,0.05,10,91,1.3746965745594741,3.412179641227354,2.6824328212415725
pinn,10.0,23.0,0.05,10,91,1.8729332144955209,2.3573456194002524,2.106136152038612
pinn,100.0,23.0,0.05,10,91,7.6057866442621,7.725533158889829,8.269262921447954
pinn,1000.0,23.0,0.05,10,91,18.959294111479885,17.87783996871902,17.646975886439343
magi,,23.0,0.05,10,92,0.4575095507677992,2.3395065511605875,1.988463679343765
pinn,0.1,23.0,0.05,10,92,0.153470181026203,0.13340051923665752,0.24363905876328423
pinn,1.0,23.0,0.05,10,92,1.1332345760996043,1.5786395164915226,1.3371874370340522
pinn,10.0,23.0,0.05,10,92,5.0092842404118585,11.658330393556831,10.042513336561044
pinn,100.0,23.0,0.05,10,92,8.266543579196556,7.489328929149059,7.877109313616504
pinn,1000.0,23.0,0.05,10,92,18.671479071304674,20.4187758490393,18.581847010637468
magi,,23.0,0.05,10,93,0.690766863709544,1.804792744856405,2.2796456549779096
pinn,0.1,23.0,0.05,10,93,0.2246353636249235,0.31630462969764467,0.34531296012555013
pinn,1.0,23.0,0.05,10,93,0.7278750455889045,1.1944000588389259,2.015428245086104
pinn,10.0,23.0,0.05,10,93,3.1195870661496063,4.879791317487859,5.609578225636945
pinn,100.0,23.0,0.05,10,93,8.207640270640475,8.270108825928597,6.054098102929007
pinn,1000.0,23.0,0.05,10,93,17.731471483702745,22.4966231615049,16.174546244174376
magi,,23.0,0.05,10,94,0.5149733190321315,1.5419433105306135,2.1187049229649446
pinn,0.1,23.0,0.05,10,94,0.2830551433496056,0.3566624410682053,0.4728227137739358
pinn,1.0,23.0,0.05,10,94,1.8003183056544778,1.7968363990901115,2.2820101898123233
pinn,10.0,23.0,0.05,10,94,3.4605524123590286,5.245080708192857,4.294852653010142
pinn,100.0,23.0,0.05,10,94,9.604082691405262,11.623394648688686,9.220911337753696
pinn,1000.0,23.0,0.05,10,94,21.187312959798017,23.236295794241276,17.26556062524648
magi,,23.0,0.05,10,95,0.2603316167722487,2.0642787922358634,2.2233619853908184
pinn,0.1,23.0,0.05,10,95,0.20948170163170202,0.2463871807033277,0.301971855109304
pinn,1.0,23.0,0.05,10,95,3.5537244688245555,1.769006094843826,1.859559989893507
pinn,10.0,23.0,0.05,10,95,2.0692467706916067,3.545028986904508,3.384749818520744
pinn,100.0,23.0,0.05,10,95,6.593557392458346,6.91627916088003,6.046865269438224
pinn,1000.0,23.0,0.05,10,95,17.66657466634342,20.600542183874495,15.845400195459678
magi,,23.0,0.05,10,96,0.5445973948674971,1.5904404336566613,2.223879659127446
pinn,0.1,23.0,0.05,10,96,0.22334768880497624,0.22585937189221608,0.3079998278567743
pinn,1.0,23.0,0.05,10,96,1.1768167210630733,2.378930151167093,2.3781911305909857
pinn,10.0,23.0,0.05,10,96,2.226224778336716,2.5793700148140624,2.368977082312115
pinn,100.0,23.0,0.05,10,96,7.678054210043462,7.1473250283757395,6.405051894784311
pinn,1000.0,23.0,0.05,10,96,22.296745164059462,20.8056884922046,20.121454313623968
magi,,23.0,0.05,10,97,0.34673320739904046,2.8008766586136287,2.455617465316045
pinn,0.1,23.0,0.05,10,97,0.25073360874711875,0.25442151580437267,0.32684745761956774
pinn,1.0,23.0,0.05,10,97,0.6729496894646427,1.212595915360738,1.9617000250636396
pinn,10.0,23.0,0.05,10,97,3.3444960711705765,3.9172200494477836,4.69314978432931
pinn,100.0,23.0,0.05,10,97,6.583698285366785,8.358589838662875,7.222996648451546
pinn,1000.0,23.0,0.05,10,97,21.287594623743992,21.256086165779962,18.916128905153037
magi,,23.0,0.05,10,98,0.33476695531238976,1.8487673741784068,2.615150332749344
pinn,0.1,23.0,0.05,10,98,0.34928329897116284,0.213997885247608,0.18837370514396387
pinn,1.0,23.0,0.05,10,98,1.762345533529863,2.543857394641466,2.2775146886745286
pinn,10.0,23.0,0.05,10,98,2.795637756792689,3.4196050253853594,3.0429085785507355
pinn,100.0,23.0,0.05,10,98,8.109950471344359,8.544982092040645,8.127388075466829
pinn,1000.0,23.0,0.05,10,98,17.47224892885703,19.795267219417315,17.842927206004042
magi,,23.0,0.05,10,99,0.40152780571452723,1.4624618251926604,2.2964435990789642
pinn,0.1,23.0,0.05,10,99,0.31236052198586683,0.2013372934964041,0.23790082495739423
pinn,1.0,23.0,0.05,10,99,1.3537701374409463,2.7654971645742177,2.5322183525496276
pinn,10.0,23.0,0.05,10,99,3.298665444255103,5.541051580331087,6.189659784755077
pinn,100.0,23.0,0.05,10,99,8.0037681528721,13.953479588388559,14.522334251445116
pinn,1000.0,23.0,0.05,10,99,18.422021154858438,21.506830586034283,17.618948596911196
magi,,28.0,0.05,10,0,0.34210011000081736,2.57957380731975,3.785739880843396
pinn,0.1,28.0,0.05,10,0,0.3208229619711864,0.12445739339658021,0.15135594328388163
pinn,1.0,28.0,0.05,10,0,3.177520443296712,1.1948829097849354,1.5126639423750619
pinn,10.0,28.0,0.05,10,0,3.7804696090923384,6.6020487554093705,6.479804639941742
pinn,100.0,28.0,0.05,10,0,9.960940198641199,11.549865312090777,11.386890488154359
pinn,1000.0,28.0,0.05,10,0,21.20154680771982,27.784028589052053,26.935119949454513
magi,,28.0,0.05,10,1,0.46508693355739517,2.0045700422463626,3.4797624311841098
pinn,0.1,28.0,0.05,10,1,0.42294655417788657,0.11665473644369521,0.13063855952257108
pinn,1.0,28.0,0.05,10,1,3.3438940798316534,1.216373479745511,1.4318934039591813
pinn,10.0,28.0,0.05,10,1,2.7643879207169886,5.352725839776494,4.26322254358141
pinn,100.0,28.0,0.05,10,1,7.640664356650835,8.595483629721002,8.404587368192546
pinn,1000.0,28.0,0.05,10,1,22.604255721907933,28.99272375096238,34.39563648231421
magi,,28.0,0.05,10,2,0.42419836640970493,3.114781507594025,2.855968675615298
pinn,0.1,28.0,0.05,10,2,0.309965516319812,0.17420091209859281,0.14549941579718323
pinn,1.0,28.0,0.05,10,2,1.2394122024798968,7.558455207065499,1.1760848080296886
pinn,10.0,28.0,0.05,10,2,4.7147565727481116,7.463988540628694,8.332311364770078
pinn,100.0,28.0,0.05,10,2,10.34476145912499,10.999960222371248,9.580970845009999
pinn,1000.0,28.0,0.05,10,2,23.621918518877713,27.266450878632323,30.093156141456717
magi,,28.0,0.05,10,3,0.5670009659381587,2.3551563228491337,3.3447279254344284
pinn,0.1,28.0,0.05,10,3,0.3490259936075352,0.10190760846743509,0.1397553621991679
pinn,1.0,28.0,0.05,10,3,1.1650818843190942,2.060803188104021,1.1512673457292915
pinn,10.0,28.0,0.05,10,3,4.676507605537293,9.070213483133841,7.977659465065255
pinn,100.0,28.0,0.05,10,3,9.28125576671411,8.925139437971838,10.917569001577776
pinn,1000.0,28.0,0.05,10,3,24.93915481156639,25.19412860385976,29.995946459282692
magi,,28.0,0.05,10,4,0.5468184571128561,2.847169814801571,3.0205439703834474
pinn,0.1,28.0,0.05,10,4,0.3028864260739171,0.2639844039535335,0.17974472832281432
pinn,1.0,28.0,0.05,10,4,1.5021383569907398e-07,0.05423905411297345,0.018076861104437476
pinn,10.0,28.0,0.05,10,4,3.816238469887033,8.203638255804146,6.953401022226608
pinn,100.0,28.0,0.05,10,4,10.051490138671907,10.646011523668712,8.636654350875782
pinn,1000.0,28.0,0.05,10,4,15.161122001881537,28.831175072300244,25.247948373201112
magi,,28.0,0.05,10,5,0.44379660119992326,3.9986611875828677,3.276649894921308
pinn,0.1,28.0,0.05,10,5,0.395997059162257,0.41927739110693246,0.18595591697948632
pinn,1.0,28.0,0.05,10,5,3.491144895307549,1.2949465797744382,1.5095916039474135
pinn,10.0,28.0,0.05,10,5,3.6902879791956216,7.119752793683147,6.5581174974960215
pinn,100.0,28.0,0.05,10,5,11.405582392794164,16.212874281215438,17.826598754372615
pinn,1000.0,28.0,0.05,10,5,22.04642702607332,32.03201637343974,34.300110000413994
magi,,28.0,0.05,10,6,0.43352447247443987,2.6881254661760625,3.9280069005785436
pinn,0.1,28.0,0.05,10,6,0.33863704170022807,0.3779042616278283,0.11554001240281106
pinn,1.0,28.0,0.05,10,6,6.198392260892665e-10,0.04028017183184435,0.08858146853681526
pinn,10.0,28.0,0.05,10,6,3.5963106431342546,5.236056056543514,4.722652097919661
pinn,100.0,28.0,0.05,10,6,7.734767689669346,10.565218921361275,12.682174792597678
pinn,1000.0,28.0,0.05,10,6,22.905353062146084,21.928703458013977,25.6425420479306
magi,,28.0,0.05,10,7,0.7191665879702669,2.4032337442615037,3.2793319613030016
pinn,0.1,28.0,0.05,10,7,1.093112527609421e-06,0.015452709687585015,0.0017508735474051824
pinn,1.0,28.0,0.05,10,7,3.263532579943188,1.0648082040168865,1.440059998970362
pinn,10.0,28.0,0.05,10,7,5.709978999108761,7.92813538666907,10.373340439953143
pinn,100.0,28.0,0.05,10,7,7.8693173095773234,11.888729754590948,9.670208569352512
pinn,1000.0,28.0,0.05,10,7,20.92914784383248,28.507459323088785,30.47201507460034
magi,,28.0,0.05,10,8,0.7356697042278205,1.8128667636742304,3.2101738945630367
pinn,0.1,28.0,0.05,10,8,0.32446676947354347,0.13979348814609585,0.1987449243187063
pinn,1.0,28.0,0.05,10,8,3.7595090006536105,1.301380790627371,1.5851302365057656
pinn,10.0,28.0,0.05,10,8,3.818062678573399,5.805421310316163,5.635634977686241
pinn,100.0,28.0,0.05,10,8,9.653668415336751,9.47543693106352,10.868770480868992
pinn,1000.0,28.0,0.05,10,8,23.103075180242183,29.703350091021655,31.273079161587148
magi,,28.0,0.05,10,9,0.3962988671593908,2.1281232000393704,2.9242150225851398
pinn,0.1,28.0,0.05,10,9,0.3836047892553332,0.10194605220654018,0.1471681620038729
pinn,1.0,28.0,0.05,10,9,3.3281461628376126,1.1553352281041092,1.572715836545403
pinn,10.0,28.0,0.05,10,9,4.485849835075491,7.341509304937791,5.5902767457814395
pinn,100.0,28.0,0.05,10,9,9.520032447129449,13.341551421629786,16.071567027649436
pinn,1000.0,28.0,0.05,10,9,25.111251201533047,32.000479870059145,33.7354373786384
magi,,28.0,0.05,10,10,0.3687162612099735,2.0701350602103794,4.418755402111357
pinn,0.1,28.0,0.05,10,10,0.354552206851057,0.2746710574318861,0.1606007402218741
pinn,1.0,28.0,0.05,10,10,0.942919763509889,1.076099887478163,1.1255584410417407
pinn,10.0,28.0,0.05,10,10,3.4925772349671296,6.751932624195687,6.233901860479456
pinn,100.0,28.0,0.05,10,10,11.700273457589576,15.016453224835857,15.710423777021434
pinn,1000.0,28.0,0.05,10,10,18.80408732681914,23.709130133440027,26.493517719785476
magi,,28.0,0.05,10,11,0.8891950742151147,3.2598640581792875,3.5588311041628407
pinn,0.1,28.0,0.05,10,11,0.5537213801020515,0.2358004677709952,0.27949393441132764
pinn,1.0,28.0,0.05,10,11,3.6759935556082026,2.392450736112394,2.4793401759924434
pinn,10.0,28.0,0.05,10,11,3.3513072413136653,6.0717065455892785,4.427474714099514
pinn,100.0,28.0,0.05,10,11,11.666333659598587,16.994966675742322,23.833539748563336
pinn,1000.0,28.0,0.05,10,11,25.751329742678564,33.495018533831924,31.694988227161804
magi,,28.0,0.05,10,12,1.2980883299635042,2.475856864733694,3.5322097628179714
pinn,0.1,28.0,0.05,10,12,0.38939782614640434,0.6176282835097442,0.16026927966820684
pinn,1.0,28.0,0.05,10,12,3.493343740716931,1.1541768614518921,1.6180283591316276
pinn,10.0,28.0,0.05,10,12,3.3538133173597586,5.0045438890461815,3.5916820365398254
pinn,100.0,28.0,0.05,10,12,9.497614516549797,8.005499968526195,9.162135282727142
pinn,1000.0,28.0,0.05,10,12,23.122924189039356,33.747725302574906,36.60678800136641
magi,,28.0,0.05,10,13,0.8391228275622049,1.3347382789079234,4.126011954867455
pinn,0.1,28.0,0.05,10,13,0.5781868952895854,0.24054058309441953,0.2722014506022395
pinn,1.0,28.0,0.05,10,13,0.9559588285240154,0.6169024670907901,1.1113518372775018
pinn,10.0,28.0,0.05,10,13,3.413282655484948,5.851649584002654,5.434818331544443
pinn,100.0,28.0,0.05,10,13,8.086633639263178,10.755871777400692,11.462467832705379
pinn,1000.0,28.0,0.05,10,13,20.91592331520805,24.26079750716547,25.38580009571196
magi,,28.0,0.05,10,14,0.7635610425303231,2.1049951530130273,3.5053861452618267
pinn,0.1,28.0,0.05,10,14,0.3679579410909439,0.12977762714778784,0.15306563445594465
pinn,1.0,28.0,0.05,10,14,3.4178992157199124,1.2557709623234399,1.541453601318055
pinn,10.0,28.0,0.05,10,14,3.9206682852053056,6.394247048719406,6.519916632473041
pinn,100.0,28.0,0.05,10,14,8.698155874615672,9.669583045591795,10.781357593914079
pinn,1000.0,28.0,0.05,10,14,23.986772786115388,27.53291413902955,33.95019280800047
magi,,28.0,0.05,10,15,0.4289873654847838,2.204438698717138,3.46382319577333
pinn,0.1,28.0,0.05,10,15,0.28137810105241134,1.0096662522539175,0.2513024614684071
pinn,1.0,28.0,0.05,10,15,1.1401686618421427,0.6285065611387827,1.0334957823364792
pinn,10.0,28.0,0.05,10,15,2.6292908211823693,2.742812774412343,3.321586209314921
pinn,100.0,28.0,0.05,10,15,9.193846441626585,11.602674537736984,12.65069457041978
pinn,1000.0,28.0,0.05,10,15,22.424519231512484,25.27025635819921,31.899744055528284
magi,,28.0,0.05,10,16,0.5625037596396861,2.4760936967728027,3.0185911057296555
pinn,0.1,28.0,0.05,10,16,0.3569048323503931,0.0718219886797804,0.1432382676055707
pinn,1.0,28.0,0.05,10,16,1.0647711148600907,0.6581614565795914,1.1187032536145622
pinn,10.0,28.0,0.05,10,16,2.0046615785567385,3.4003671162940377,3.3132695712989237
pinn,100.0,28.0,0.05,10,16,9.229997760765931,14.08764045446526,9.660020876971
pinn,1000.0,28.0,0.05,10,16,23.005120294953887,28.4690139208997,28.285212701391796
magi,,28.0,0.05,10,17,0.7150602036663714,2.064868596372847,4.525293374608084
pinn,0.1,28.0,0.05,10,17,0.5459066748459424,0.26430335781395903,0.3073106538862895
pinn,1.0,28.0,0.05,10,17,3.5686507870577895,1.415729942427848,1.482997674887562
pinn,10.0,28.0,0.05,10,17,5.5914589001642,7.740604713392786,6.119705619846226
pinn,100.0,28.0,0.05,10,17,11.604825048061088,14.02559726059934,16.18355996116099
pinn,1000.0,28.0,0.05,10,17,26.325497062834543,31.637259229722027,34.347867739070786
magi,,28.0,0.05,10,18,0.3441989742701121,1.5269649590266847,3.165835842726613
pinn,0.1,28.0,0.05,10,18,0.3547834132373588,0.17988906515834466,0.30775454577244865
pinn,1.0,28.0,0.05,10,18,1.3505514207020715,0.7491805449532042,1.085772613618029
pinn,10.0,28.0,0.05,10,18,2.45740366177872,3.0815791461271984,8.165730346258943
pinn,100.0,28.0,0.05,10,18,8.818296470597382,9.21057019723232,7.995674328319069
pinn,1000.0,28.0,0.05,10,18,19.910218504569684,26.311936818287595,25.253963673704003
magi,,28.0,0.05,10,19,0.5679833834355802,1.7602158843644198,3.5937939973835262
pinn,0.1,28.0,0.05,10,19,0.33223788831924883,0.18906407092675137,0.17781496490296275
pinn,1.0,28.0,0.05,10,19,3.3136184104098616,1.2626914102983369,1.4794337510202955
pinn,10.0,28.0,0.05,10,19,3.4619092025189295,6.534274632282898,5.8754919139030735
pinn,100.0,28.0,0.05,10,19,8.739697751987938,9.163893424305147,10.089987046165113
pinn,1000.0,28.0,0.05,10,19,18.291036343131143,23.418311814879047,20.658719816960186
magi,,28.0,0.05,10,20,0.6659471762884752,2.093552573543248,3.004347590539555
pinn,0.1,28.0,0.05,10,20,0.1909437263201617,0.24682824124775027,0.1600085951727251
pinn,1.0,28.0,0.05,10,20,1.058624253876479,0.49021552526336704,1.1981221440513967
pinn,10.0,28.0,0.05,10,20,2.851473106546413,5.7179981831333055,4.704743873805285
pinn,100.0,28.0,0.05,10,20,8.86794758131766,8.038237651720996,7.646177051386574
pinn,1000.0,28.0,0.05,10,20,22.71498450321816,23.005702068830153,26.07444463563532
magi,,28.0,0.05,10,21,0.34406129965820953,2.359975757872228,2.8523348999538327
pinn,0.1,28.0,0.05,10,21,0.6302262977531261,0.2853424963974068,0.3031121929088117
pinn,1.0,28.0,0.05,10,21,3.376948067565701,1.08219263866375,1.5204694223721766
pinn,10.0,28.0,0.05,10,21,4.569913264816704,8.814759198592522,6.6761410220547415
pinn,100.0,28.0,0.05,10,21,9.037707704545404,8.731079014041454,8.323665227983527
pinn,1000.0,28.0,0.05,10,21,21.341651850808926,22.534359331762417,22.174264915075224
magi,,28.0,0.05,10,22,0.5571194983828369,2.5424173645505643,3.7551828416629407
pinn,0.1,28.0,0.05,10,22,0.30138318040836987,0.9175988879104545,0.1709925073603428
pinn,1.0,28.0,0.05,10,22,3.5017444845427006,1.5647268613855156,1.6575027557807198
pinn,10.0,28.0,0.05,10,22,3.149845086772889,4.356906423584837,3.8021100911113064
pinn,100.0,28.0,0.05,10,22,10.082188690916785,11.002071340750069,12.660207550163642
pinn,1000.0,28.0,0.05,10,22,19.40129882530093,25.970273707808186,25.006835351819827
magi,,28.0,0.05,10,23,0.5610339829567309,1.7299739916430175,3.0327480704194985
pinn,0.1,28.0,0.05,10,23,0.3689895357852673,0.1075770967050145,0.1731959802303593
pinn,1.0,28.0,0.05,10,23,3.6181414952896156,1.201862841155302,1.5566827441382756
pinn,10.0,28.0,0.05,10,23,3.3802849143512477,5.289094662962106,1.9657885009911447
pinn,100.0,28.0,0.05,10,23,9.122374234581322,15.080379853499709,13.11450925800014
pinn,1000.0,28.0,0.05,10,23,30.547023087373937,36.523740062602464,41.02442063306495
magi,,28.0,0.05,10,24,0.6164657808210643,2.432459858357156,3.2456535993237816
pinn,0.1,28.0,0.05,10,24,0.2958743709266003,0.14479031336136236,0.14195250310644547
pinn,1.0,28.0,0.05,10,24,3.2241448319816897,1.201940498899882,1.5090837556045509
pinn,10.0,28.0,0.05,10,24,3.2271374648988154,5.419434850270581,3.8943543637985947
pinn,100.0,28.0,0.05,10,24,9.499208192538108,11.099434785494553,10.92973357079574
pinn,1000.0,28.0,0.05,10,24,25.789545771861892,32.580023022649414,39.99103988601584
magi,,28.0,0.05,10,25,0.4544547009600784,1.3106825381819207,3.9350976176931294
pinn,0.1,28.0,0.05,10,25,0.3943050660853049,0.3555559673170479,0.18703690302076972
pinn,1.0,28.0,0.05,10,25,3.6297772673220265,1.3010159265286507,1.5225088156810693
pinn,10.0,28.0,0.05,10,25,2.7422929991408633,3.930499581783295,3.944602484850629
pinn,100.0,28.0,0.05,10,25,9.050378281144459,17.815713495258873,16.721821354780804
pinn,1000.0,28.0,0.05,10,25,21.37325011203198,31.787251118243283,29.01677392143918
magi,,28.0,0.05,10,26,0.7670129700799757,3.17153129656375,3.8476119836497733
pinn,0.1,28.0,0.05,10,26,0.3334145994992949,0.5727991147702244,0.1561819362939492
pinn,1.0,28.0,0.05,10,26,0.7013966294832394,1.037866951616293,1.5101481891207595
pinn,10.0,28.0,0.05,10,26,4.582624008249132,9.409947554197107,5.760438642240813
pinn,100.0,28.0,0.05,10,26,8.589578301781822,11.393933857320057,8.956818522984936
pinn,1000.0,28.0,0.05,10,26,16.340716105083633,24.27435290812797,22.62694094500058
magi,,28.0,0.05,10,27,0.48388547169201956,1.911678171790668,3.6006346008773917
pinn,0.1,28.0,0.05,10,27,0.40719857813462035,0.21894923619289428,0.15221502020266456
pinn,1.0,28.0,0.05,10,27,3.377606227503098,1.1502940720558303,1.5273876985885675
pinn,10.0,28.0,0.05,10,27,2.1248536077393068,5.170872451772867,4.51318828904362
pinn,100.0,28.0,0.05,10,27,7.897207437200454,9.647002189611163,10.05815113328581
pinn,1000.0,28.0,0.05,10,27,17.411605068703338,25.03325573432335,27.583394073155755
magi,,28.0,0.05,10,28,0.7862160382659632,2.634157265643103,3.3904177819809505
pinn,0.1,28.0,0.05,10,28,0.5943654798170138,0.23130674130176423,0.2651831498455667
pinn,1.0,28.0,0.05,10,28,1.8225678921741992,3.2092337198437795,3.6330045201412107
pinn,10.0,28.0,0.05,10,28,2.2343735869819263,4.439760061656225,5.012435446218045
pinn,100.0,28.0,0.05,10,28,8.069205819259707,10.520025785369496,8.57670889920641
pinn,1000.0,28.0,0.05,10,28,24.792191187883258,29.54168878352886,29.900561839749482
magi,,28.0,0.05,10,29,0.4338215336406024,4.03660452082916,3.2655950141111183
pinn,0.1,28.0,0.05,10,29,0.32862942122378425,0.1351479982558328,0.18668713855275454
pinn,1.0,28.0,0.05,10,29,3.4652213076684735,1.2830439847030979,1.5645359495138347
pinn,10.0,28.0,0.05,10,29,2.6085194772027545,5.470266888289761,3.9038993177301435
pinn,100.0,28.0,0.05,10,29,7.949578109201155,11.93036645378461,10.49583126274519
pinn,1000.0,28.0,0.05,10,29,20.302597753971906,23.799320295766478,27.18211096746155
magi,,28.0,0.05,10,30,0.4101873398794397,2.526893953183145,2.39739623240544
pinn,0.1,28.0,0.05,10,30,0.5558091105202785,0.21985343819233327,0.2756142203156375
pinn,1.0,28.0,0.05,10,30,0.6959157411097101,0.9348110437118404,0.5466102668081119
pinn,10.0,28.0,0.05,10,30,3.9260777417321933,8.371979647234404,6.198553728212798
pinn,100.0,28.0,0.05,10,30,0.27109724283218384,0.0128989219665527,6.008148193359375e-05
pinn,1000.0,28.0,0.05,10,30,24.830157562801556,31.10253538264052,21.295416589072232
magi,,28.0,0.05,10,31,0.6176437754768574,3.256150021746311,3.161139552346003
pinn,0.1,28.0,0.05,10,31,0.34410386063295245,0.16054238332479326,0.16072365825758964
pinn,1.0,28.0,0.05,10,31,3.436763779712216,1.4011800921542477,1.6320182684551074
pinn,10.0,28.0,0.05,10,31,0.02824638000015614,0.008489576686938846,0.004652088666181162
pinn,100.0,28.0,0.05,10,31,12.16852627127371,17.21020599862405,13.052825458942761
pinn,1000.0,28.0,0.05,10,31,22.450605715865585,24.218992581987703,27.024590652497785
magi,,28.0,0.05,10,32,0.27648488889800865,1.855452994540843,2.4027880847008016
pinn,0.1,28.0,0.05,10,32,0.5645925817223479,0.2398697158988742,0.27599949793034917
pinn,1.0,28.0,0.05,10,32,3.4203171404255035,1.293785805291624,1.3762354067972467
pinn,10.0,28.0,0.05,10,32,3.4562017852539157,4.253001330104908,5.483884940671977
pinn,100.0,28.0,0.05,10,32,8.816619401511813,9.697239185006163,8.467277795815786
pinn,1000.0,28.0,0.05,10,32,19.745042711826496,26.839964073043607,29.73457220031766
magi,,28.0,0.05,10,33,0.9090169935617319,2.3997875900700216,2.8417567469588296
pinn,0.1,28.0,0.05,10,33,0.5734344115791526,0.255075163947059,0.2584278070183834
pinn,1.0,28.0,0.05,10,33,3.5530978373264928,1.3191231616611239,1.6116383992994376
pinn,10.0,28.0,0.05,10,33,4.751498074902822,6.753513621545622,6.82550976756319
pinn,100.0,28.0,0.05,10,33,8.976018528748643,13.996490193154273,13.42739505485727
pinn,1000.0,28.0,0.05,10,33,20.970443763634428,23.499086185309526,22.45995224583262
magi,,28.0,0.05,10,34,0.49603483350100325,1.4059395258758058,2.828545312436338
pinn,0.1,28.0,0.05,10,34,0.31881144637705255,0.12032805428303615,0.13061166860987544
pinn,1.0,28.0,0.05,10,34,3.5332425257381175,1.2690884879657034,1.5024682971774255
pinn,10.0,28.0,0.05,10,34,5.526790938914338,9.937781713262579,5.591975425363757
pinn,100.0,28.0,0.05,10,34,15.329046172531669,14.211145061374705,14.718561416843636
pinn,1000.0,28.0,0.05,10,34,23.965798413540874,29.34318315989359,38.408036550435455
magi,,28.0,0.05,10,35,0.3764129479119508,2.7727879047180997,3.190157149396738
pinn,0.1,28.0,0.05,10,35,0.5567629569952339,0.2408848370630995,0.2831553790944855
pinn,1.0,28.0,0.05,10,35,4.313491782793933,1.6021038378084047,1.692800564348144
pinn,10.0,28.0,0.05,10,35,4.04086056869187,6.462357271364097,5.072654665992304
pinn,100.0,28.0,0.05,10,35,9.986145378806476,9.865317963838832,9.825274214699785
pinn,1000.0,28.0,0.05,10,35,23.194054659996237,27.626444594895812,27.377655000428266
magi,,28.0,0.05,10,36,0.6185381901716102,1.5253951842068316,3.4924466018463147
pinn,0.1,28.0,0.05,10,36,0.48030382905036584,0.2508971824784267,0.27047816019996584
pinn,1.0,28.0,0.05,10,36,3.3239509175633652,1.178371424765162,1.5342290500701383
pinn,10.0,28.0,0.05,10,36,3.5856108924027175,4.706235913480649,5.14275702350757
pinn,100.0,28.0,0.05,10,36,5.689727091964868,10.400234342068725,10.010612252175507
pinn,1000.0,28.0,0.05,10,36,29.269291339278123,35.09374191111386,37.88374895772364
magi,,28.0,0.05,10,37,0.3574540617178069,2.358817482538357,3.2556563635387143
pinn,0.1,28.0,0.05,10,37,0.5683151871276068,0.2379311389844963,0.2974408851383041
pinn,1.0,28.0,0.05,10,37,3.393045256465454,1.121079113787392,1.3994158462206494
pinn,10.0,28.0,0.05,10,37,4.0790304250397105,7.206219011516354,7.385032752318725
pinn,100.0,28.0,0.05,10,37,8.950377413043237,10.13184362349903,10.671094201731881
pinn,1000.0,28.0,0.05,10,37,23.101103292168435,29.087854969865052,24.01119862859336
magi,,28.0,0.05,10,38,0.5384161541957574,2.724963230103008,4.057482096191741
pinn,0.1,28.0,0.05,10,38,5.70695125492058e-09,0.30128778277327295,0.37115671233848124
pinn,1.0,28.0,0.05,10,38,7.748181263256271e-11,0.0560154914855957,0.06298446655273432
pinn,10.0,28.0,0.05,10,38,3.835992282753559,5.192013073002542,7.507388281913712
pinn,100.0,28.0,0.05,10,38,9.773193108554521,12.095771920333407,13.070000589705755
pinn,1000.0,28.0,0.05,10,38,23.1390619640014,23.08815410487175,26.45602295788463
magi,,28.0,0.05,10,39,0.42001752052847346,3.1929695251457546,4.509794767042659
pinn,0.1,28.0,0.05,10,39,0.5559909564087754,0.23601082108785723,0.281610586874451
pinn,1.0,28.0,0.05,10,39,3.682551233886038,1.4432272813049742,1.8808370676955304
pinn,10.0,28.0,0.05,10,39,4.013251498513086,6.719676088822626,4.694235196539949
pinn,100.0,28.0,0.05,10,39,10.215884575083987,11.716843946375326,14.743666519911827
pinn,1000.0,28.0,0.05,10,39,26.56937786228066,38.09559896327983,48.161338890904084
magi,,28.0,0.05,10,40,0.46276690546187715,1.2678878108652285,3.3569701181161924
pinn,0.1,28.0,0.05,10,40,0.35113042595451877,0.09010017953984574,0.1564979624519241
pinn,1.0,28.0,0.05,10,40,3.6271214387881145,1.2739617959854928,1.5386703156658883
pinn,10.0,28.0,0.05,10,40,4.015153460819185,7.131531675206353,5.501037770881254
pinn,100.0,28.0,0.05,10,40,7.805439938719316,11.001051473055812,8.930832663260425
pinn,1000.0,28.0,0.05,10,40,1.5048348359414376e-05,0.004995584487915,0.0035839080810546
magi,,28.0,0.05,10,41,0.3528474229741052,1.8616025967269898,4.102375207101387
pinn,0.1,28.0,0.05,10,41,4.4857682375634e-10,0.0802265297708783,0.1785663978956756
pinn,1.0,28.0,0.05,10,41,1.1409455268991366,0.33473286808232866,1.1190849677686672
pinn,10.0,28.0,0.05,10,41,3.2557017838149234,5.248968393588215,5.316536365381158
pinn,100.0,28.0,0.05,10,41,10.132718708396752,13.620134734954924,19.27528368757909
pinn,1000.0,28.0,0.05,10,41,19.51374908440063,24.48707382242191,34.38266394599102
magi,,28.0,0.05,10,42,0.4783997913994527,2.490786697520493,2.918900190435005
pinn,0.1,28.0,0.05,10,42,0.24833140260860037,0.33659196294330596,0.29753269276857064
pinn,1.0,28.0,0.05,10,42,3.4239619307325393,1.4602387606457645,1.5786415008654173
pinn,10.0,28.0,0.05,10,42,1.1626580609129848,1.9793064698933016,2.6600199067117054
pinn,100.0,28.0,0.05,10,42,8.520652172757977,7.698082322150341,10.5404305261464
pinn,1000.0,28.0,0.05,10,42,23.698939860424723,23.369025527987564,33.18793976990227
magi,,28.0,0.05,10,43,0.5431147173702982,4.049801637835754,3.6178673359632407
pinn,0.1,28.0,0.05,10,43,0.3475513318407092,0.11840324780521749,0.14365918820561285
pinn,1.0,28.0,0.05,10,43,3.0569978978551555,1.2480798858720763,1.6271204891007558
pinn,10.0,28.0,0.05,10,43,3.3418861424920956,6.241057455431121,6.406417888881546
pinn,100.0,28.0,0.05,10,43,8.656831385432273,11.937469776850264,12.460631892768076
pinn,1000.0,28.0,0.05,10,43,19.971133894422103,25.095491334426264,25.206586547469616
magi,,28.0,0.05,10,44,0.3727571254546207,2.5312883567542204,3.5813953316968097
pinn,0.1,28.0,0.05,10,44,0.3551501725929914,0.18980643988074739,0.1496517972529669
pinn,1.0,28.0,0.05,10,44,3.066260800128012,1.2092084158008292,1.5330333908463014
pinn,10.0,28.0,0.05,10,44,4.560599178217613,9.040164920460295,8.071956553420128
pinn,100.0,28.0,0.05,10,44,8.297030512525149,8.587653478371028,7.214766107068633
pinn,1000.0,28.0,0.05,10,44,28.061874955541693,30.041974779052346,29.494048562577607
magi,,28.0,0.05,10,45,0.49300403376635443,2.0931909260159967,4.233832661227154
pinn,0.1,28.0,0.05,10,45,0.3997061392220002,0.3992181724393121,0.18104931990267042
pinn,1.0,28.0,0.05,10,45,2.7310916637748153,1.6714082127986767,1.3343746981273175
pinn,10.0,28.0,0.05,10,45,3.1964308757797375,7.715339228400488,5.878044670758287
pinn,100.0,28.0,0.05,10,45,9.48588712509014,13.316072127959567,12.33841103303343
pinn,1000.0,28.0,0.05,10,45,22.824709046186882,23.335026934723174,31.174379492554714
magi,,28.0,0.05,10,46,0.34589074559657695,1.5945309973801673,3.047876946490924
pinn,0.1,28.0,0.05,10,46,0.39138220847345034,0.1152467575896585,0.15356018744018785
pinn,1.0,28.0,0.05,10,46,4.010522317488984,1.5269313578515447,1.4397311727603213
pinn,10.0,28.0,0.05,10,46,4.560781174420929,8.432712953179202,6.098974304233859
pinn,100.0,28.0,0.05,10,46,9.503740489984212,11.849640716291743,8.794304269484721
pinn,1000.0,28.0,0.05,10,46,22.838813393974412,33.166934313794776,33.177366501957444
magi,,28.0,0.05,10,47,0.5057949827099889,2.6943504741410944,4.075260853895147
pinn,0.1,28.0,0.05,10,47,1.0954116086425714e-10,0.0377776622772216,0.007745742797851499
pinn,1.0,28.0,0.05,10,47,3.3422705205506853,1.1682215438557666,1.493119796745769
pinn,10.0,28.0,0.05,10,47,3.244351116205707,7.4111824565647,5.381703397443949
pinn,100.0,28.0,0.05,10,47,8.165324525962376,9.464043009742715,10.894033314407528
pinn,1000.0,28.0,0.05,10,47,16.0316464095696,27.562172594407745,19.47115893126714
magi,,28.0,0.05,10,48,0.5860117241374514,3.766813667515528,3.9077538406439984
pinn,0.1,28.0,0.05,10,48,0.5508977115351601,0.23232472361822573,0.2714233515190629
pinn,1.0,28.0,0.05,10,48,3.382217408929024,1.6192790512389426,1.4547528105618217
pinn,10.0,28.0,0.05,10,48,3.6915609787216512,5.352838202835628,4.991262772188889
pinn,100.0,28.0,0.05,10,48,9.609672133604432,11.274725627950218,13.821875926358103
pinn,1000.0,28.0,0.05,10,48,23.19334602642013,21.382257471826147,22.589782882537865
magi,,28.0,0.05,10,49,0.5020900116769632,3.319449246139311,3.731921591537019
pinn,0.1,28.0,0.05,10,49,0.5647515866874497,0.23079022718936937,0.2759350779752952
pinn,1.0,28.0,0.05,10,49,3.32208601172619,1.3255518545489777,1.381229778962687
pinn,10.0,28.0,0.05,10,49,4.554825260792592,6.905749578425031,6.933642102645877
pinn,100.0,28.0,0.05,10,49,11.33398607167363,10.88045424973858,21.446608566934465
pinn,1000.0,28.0,0.05,10,49,23.82001038536054,24.34520308347673,28.430731637650688
magi,,28.0,0.05,10,50,0.48670082204652143,2.4207589565352774,2.642793306384371
pinn,0.1,28.0,0.05,10,50,0.5364786931678047,0.3195838537133168,0.30070933884267775
pinn,1.0,28.0,0.05,10,50,3.390091267711154,1.1820441335560852,1.442738356485888
pinn,10.0,28.0,0.05,10,50,3.30303305929282,4.72946058226935,3.5067223149767024
pinn,100.0,28.0,0.05,10,50,7.664257225924012,12.055710030172444,11.936008865269963
pinn,1000.0,28.0,0.05,10,50,17.32566478724177,29.325894273058687,24.292792651408224
magi,,28.0,0.05,10,51,0.6558143267719745,2.3546749072019892,3.963194973471845
pinn,0.1,28.0,0.05,10,51,0.3691708375524631,0.10943765983196088,0.13069544354403406
pinn,1.0,28.0,0.05,10,51,3.454542488524472,1.2037543006482465,1.5390848725470583
pinn,10.0,28.0,0.05,10,51,3.821417539793247,9.822106330300489,6.664899551318405
pinn,100.0,28.0,0.05,10,51,10.089409687431619,11.739389711319715,11.212512595873172
pinn,1000.0,28.0,0.05,10,51,23.129944291850094,27.37725463016133,31.557819301344065
magi,,28.0,0.05,10,52,0.6419392749363746,2.00098583893248,3.871924699261596
pinn,0.1,28.0,0.05,10,52,0.33184625885039193,0.20407630462644644,0.21215044220277665
pinn,1.0,28.0,0.05,10,52,3.2790983883993374,1.1597095401915836,1.526502231856387
pinn,10.0,28.0,0.05,10,52,1.2711022300397674,1.9619029924010831,3.302119733864514
pinn,100.0,28.0,0.05,10,52,16.585919840054636,14.268426333659326,19.355302623115577
pinn,1000.0,28.0,0.05,10,52,19.82022320836504,22.81193172318252,30.289585895337954
magi,,28.0,0.05,10,53,0.32925021071908495,3.1058327578822724,2.997661845407784
pinn,0.1,28.0,0.05,10,53,0.31493974185134915,0.17621761006102224,0.15443625266691616
pinn,1.0,28.0,0.05,10,53,3.2464033067901585,1.2109058771294792,1.6745694241975853
pinn,10.0,28.0,0.05,10,53,2.9966281724187804,4.744151480643316,5.794974729803341
pinn,100.0,28.0,0.05,10,53,9.33223604357079,9.698377257642274,9.898664314508752
pinn,1000.0,28.0,0.05,10,53,21.617785589487625,25.382009162062893,20.476573909214693
magi,,28.0,0.05,10,54,0.3669467056738254,2.2469732808577096,3.6074394643716112
pinn,0.1,28.0,0.05,10,54,0.30047299873356464,0.8642581606455841,0.3241280670309725
pinn,1.0,28.0,0.05,10,54,3.3231428990752425,1.2032643178071658,1.871710348804892
pinn,10.0,28.0,0.05,10,54,2.978179570710077,5.418067710934394,5.324941912474736
pinn,100.0,28.0,0.05,10,54,13.133830669796083,13.130461309563046,14.810860122454203
pinn,1000.0,28.0,0.05,10,54,20.91716972050645,27.504399703786078,24.072560661936787
magi,,28.0,0.05,10,55,0.7096082684074065,2.2698353665653,3.3765132477496658
pinn,0.1,28.0,0.05,10,55,0.47364249392436997,0.21727015608428676,0.31173331667844206
pinn,1.0,28.0,0.05,10,55,3.583584077680052,1.25489271949703,1.5420033996411038
pinn,10.0,28.0,0.05,10,55,3.702713589100922,7.205673242012623,6.107827087622144
pinn,100.0,28.0,0.05,10,55,8.666092646679108,14.55366459986581,12.659072968584146
pinn,1000.0,28.0,0.05,10,55,22.824234931996767,29.83773457313348,33.22200985280135
magi,,28.0,0.05,10,56,0.5188561380250355,3.1843435286803485,3.0744915393290864
pinn,0.1,28.0,0.05,10,56,0.5114311619058823,0.24574168276510175,0.28905551393804674
pinn,1.0,28.0,0.05,10,56,3.1354882552308116,1.055938198710852,1.3655710539588968
pinn,10.0,28.0,0.05,10,56,2.483137982679703,3.4388936859462698,3.911942047393502
pinn,100.0,28.0,0.05,10,56,8.32734331468529,10.726064108067332,11.415594137174034
pinn,1000.0,28.0,0.05,10,56,20.330795097940392,23.392154970616282,21.89428651507974
magi,,28.0,0.05,10,57,0.49956793659100074,1.5286129647734068,3.5792282317348856
pinn,0.1,28.0,0.05,10,57,0.44387232958164397,0.18780499235690726,0.16503392575989562
pinn,1.0,28.0,0.05,10,57,1.3590140633036332,0.532901534253823,1.3254240154143546
pinn,10.0,28.0,0.05,10,57,6.152530165067535,9.849170043367248,8.261284790988528
pinn,100.0,28.0,0.05,10,57,10.014245393928983,14.375801614196,11.239090460072736
pinn,1000.0,28.0,0.05,10,57,25.098205758738164,26.025698017984574,28.43971786260396
magi,,28.0,0.05,10,58,0.6535183567065038,1.6995915948153695,3.81713944161611
pinn,0.1,28.0,0.05,10,58,0.37961456421398654,0.19514121889861052,0.19428772811364933
pinn,1.0,28.0,0.05,10,58,3.6465374377094166,1.2416112694703263,1.565162090927944
pinn,10.0,28.0,0.05,10,58,4.364213245291499,8.380608426204704,6.761114266414434
pinn,100.0,28.0,0.05,10,58,9.042658612427912,9.611019484854758,9.966881431312657
pinn,1000.0,28.0,0.05,10,58,23.20536603038384,28.47605388231126,26.190957564045302
magi,,28.0,0.05,10,59,0.4674336587961735,2.226413761745386,3.333297415758181
pinn,0.1,28.0,0.05,10,59,0.4874640999315578,0.2311232365666411,0.2881973102089401
pinn,1.0,28.0,0.05,10,59,3.7432240441219915,1.260114035077991,1.5407263667776696
pinn,10.0,28.0,0.05,10,59,5.140513117323333,9.577142241388833,6.556570799099689
pinn,100.0,28.0,0.05,10,59,9.583094049059582,10.477118616836448,9.504740557927185
pinn,1000.0,28.0,0.05,10,59,19.63318533428575,26.225075563311407,30.029145602107636
magi,,28.0,0.05,10,60,0.5309998506872451,2.701891657058263,3.9148186031805094
pinn,0.1,28.0,0.05,10,60,0.3281175655339977,0.31420879640597127,0.18620219847268601
pinn,1.0,28.0,0.05,10,60,3.4056361843908216,1.208920116940212,1.5149705051760085
pinn,10.0,28.0,0.05,10,60,3.8376356433515446,8.1771187824479,5.860653375665192
pinn,100.0,28.0,0.05,10,60,8.554192116051095,13.91140444553458,13.101090223968091
pinn,1000.0,28.0,0.05,10,60,24.918370842683153,40.694439646416384,43.164897258301124
magi,,28.0,0.05,10,61,0.39660574994481057,2.2519999166681877,3.7630335881856998
pinn,0.1,28.0,0.05,10,61,0.3884968683273342,0.11172670150741541,0.14429360468008826
pinn,1.0,28.0,0.05,10,61,1.1193122937563031,0.8062918585404811,0.6324603237160641
pinn,10.0,28.0,0.05,10,61,3.3722821017840237,9.099288355930295,6.884235675164222
pinn,100.0,28.0,0.05,10,61,11.723876121797776,13.204651132485996,13.369649823724242
pinn,1000.0,28.0,0.05,10,61,16.211748257978417,20.763248321857624,30.661263444188915
magi,,28.0,0.05,10,62,0.7219352872814139,2.0690889987301953,2.64235113494901
pinn,0.1,28.0,0.05,10,62,0.00041913377396506736,0.18171940975729023,0.058889607869465066
pinn,1.0,28.0,0.05,10,62,1.217625449020392,1.0133227502300404,0.9103870392818043
pinn,10.0,28.0,0.05,10,62,2.3363836235876008,4.107491118795683,4.4566075634270605
pinn,100.0,28.0,0.05,10,62,8.30075351281237,10.530345987799777,9.267506346494786
pinn,1000.0,28.0,0.05,10,62,21.127612834841834,27.89041869598155,23.777951065815245
magi,,28.0,0.05,10,63,0.47199594223853003,1.3411075807199846,3.585476162809462
pinn,0.1,28.0,0.05,10,63,0.5830493373911355,0.29303239592598956,0.2932427293932276
pinn,1.0,28.0,0.05,10,63,1.322046262617036,0.3830795028632207,1.1510953234168606
pinn,10.0,28.0,0.05,10,63,4.911240680077576,8.018402957168385,5.524338280476261
pinn,100.0,28.0,0.05,10,63,8.226617394673816,8.500704041507433,10.500028538234707
pinn,1000.0,28.0,0.05,10,63,22.277982923516024,24.433455574550173,24.145115997672594
magi,,28.0,0.05,10,64,0.6508324369649877,3.304079969647575,2.697610766356549
pinn,0.1,28.0,0.05,10,64,0.2707371766306897,0.3020757273534607,0.18115633399643463
pinn,1.0,28.0,0.05,10,64,1.2955094485450491,2.50262305300344,1.1856141581727078
pinn,10.0,28.0,0.05,10,64,3.3228547800814754,7.128528898320519,8.800679020740576
pinn,100.0,28.0,0.05,10,64,8.498228580821143,13.05546722413818,9.79289015116021
pinn,1000.0,28.0,0.05,10,64,22.91208723503334,30.373856355212855,37.70595248662052
magi,,28.0,0.05,10,65,0.6159158279674584,2.613209380502696,2.7367067878837155
pinn,0.1,28.0,0.05,10,65,0.25416969202731104,0.35661257212200104,0.24213766389927968
pinn,1.0,28.0,0.05,10,65,3.2110163388919766,4.426580885097046,3.55848131775296
pinn,10.0,28.0,0.05,10,65,2.67741306742795,5.309314665073054,5.506176522294764
pinn,100.0,28.0,0.05,10,65,8.601004015328087,8.741559571885858,8.710469943305137
pinn,1000.0,28.0,0.05,10,65,24.385150848548825,27.961311764941634,30.525529346697727
magi,,28.0,0.05,10,66,0.7722158424677875,3.554080643022671,3.2833395580833993
pinn,0.1,28.0,0.05,10,66,0.5535618891686471,0.23282516221255653,0.2739599805945887
pinn,1.0,28.0,0.05,10,66,0.9760323028667884,0.3503753938656659,1.0525644565575099
pinn,10.0,28.0,0.05,10,66,6.270837616047997,8.078153570680948,7.660513574936069
pinn,100.0,28.0,0.05,10,66,9.56260651322186,13.989286669481185,12.555468292711291
pinn,1000.0,28.0,0.05,10,66,21.811746436852555,28.134272744852193,26.329349717264954
magi,,28.0,0.05,10,67,0.596902376264764,1.7482475915303806,2.5370486721050516
pinn,0.1,28.0,0.05,10,67,0.3211321504086403,0.27164607121597734,0.1298607409609143
pinn,1.0,28.0,0.05,10,67,3.297545235305318,1.133168536568561,1.4873170879763151
pinn,10.0,28.0,0.05,10,67,3.632438683756849,5.894455793740653,6.037321241616999
pinn,100.0,28.0,0.05,10,67,9.017724983805897,9.981683514734359,9.25493231648712
pinn,1000.0,28.0,0.05,10,67,21.444799156125583,29.814480985854846,29.75267025504406
magi,,28.0,0.05,10,68,0.6914610139110113,2.1681798787467534,4.454448742079473
pinn,0.1,28.0,0.05,10,68,0.32119157157961853,0.3856170928694165,0.2713063694476846
pinn,1.0,28.0,0.05,10,68,3.2304410873773914,1.2923543429429873,1.5989753319624906
pinn,10.0,28.0,0.05,10,68,6.869997926288936,9.509112126398074,10.726532187147413
pinn,100.0,28.0,0.05,10,68,10.69257673491187,12.701033152550982,13.234502219643351
pinn,1000.0,28.0,0.05,10,68,23.45464329822439,25.60824309502143,25.827065919116972
magi,,28.0,0.05,10,69,0.4499004433752462,2.4353904740472094,4.521227634100071
pinn,0.1,28.0,0.05,10,69,0.37492578161551515,0.17781829292102524,0.146884868599777
pinn,1.0,28.0,0.05,10,69,1.5512870279051523,3.064682986457775,2.5435704797165015
pinn,10.0,28.0,0.05,10,69,3.785900703374398,7.829481472551193,6.155968514171163
pinn,100.0,28.0,0.05,10,69,9.656050369963568,11.745335215216445,12.467220505213866
pinn,1000.0,28.0,0.05,10,69,21.60782128328237,27.721928284024337,25.32220936193771
magi,,28.0,0.05,10,70,0.44281341533204205,2.5614924350514916,2.8176476586798653
pinn,0.1,28.0,0.05,10,70,0.3405633371059992,0.17763282228280827,0.17260051715633568
pinn,1.0,28.0,0.05,10,70,3.3044476649764736,1.1778911103582805,1.5531365873145886
pinn,10.0,28.0,0.05,10,70,2.8110461542373835,4.105210632274413,3.797574197605597
pinn,100.0,28.0,0.05,10,70,9.769270124895064,11.800023068903643,16.176164796983247
pinn,1000.0,28.0,0.05,10,70,19.772249872143217,22.556406370844773,19.674530568077465
magi,,28.0,0.05,10,71,0.7755091565587315,2.5453050857321733,3.492533083780457
pinn,0.1,28.0,0.05,10,71,0.22963496898766206,0.15945566727058175,0.1881113581507314
pinn,1.0,28.0,0.05,10,71,3.2527342179585386,1.2299444015070382,1.5534171200649867
pinn,10.0,28.0,0.05,10,71,2.665553723020831,4.490065495622818,3.5336678681363707
pinn,100.0,28.0,0.05,10,71,9.178109992013711,11.080615236970223,9.286810040203866
pinn,1000.0,28.0,0.05,10,71,24.501193571291452,31.19019778604602,36.1180952648663
magi,,28.0,0.05,10,72,0.6078995459506801,2.1175871932780854,2.8674177175215423
pinn,0.1,28.0,0.05,10,72,0.28575400677321383,0.15782933572231722,0.1708239611748947
pinn,1.0,28.0,0.05,10,72,0.8953202427104724,0.6438018127136093,1.085274257381118
pinn,10.0,28.0,0.05,10,72,2.4078901936997363,2.7099225140564194,4.020964282511081
pinn,100.0,28.0,0.05,10,72,9.15119083122405,9.035356507368752,8.579589781420895
pinn,1000.0,28.0,0.05,10,72,26.504605530730434,32.138217682455526,29.02356889827601
magi,,28.0,0.05,10,73,0.3315241508891965,1.9055986449180258,3.3023198606664113
pinn,0.1,28.0,0.05,10,73,0.13011249724119933,0.22585739667297614,0.16115303729292843
pinn,1.0,28.0,0.05,10,73,1.6599532382443953,1.8005757570666836,1.4140209909686297
pinn,10.0,28.0,0.05,10,73,4.0758933342508294,8.15836787854189,6.280788068875546
pinn,100.0,28.0,0.05,10,73,9.768943263546834,11.498665319927207,11.850750185434713
pinn,1000.0,28.0,0.05,10,73,25.038309939830608,25.303610182796355,24.398032385015522
magi,,28.0,0.05,10,74,0.3883885278413307,3.61185012012778,3.7757081573990456
pinn,0.1,28.0,0.05,10,74,0.0640517905091725,0.17264479554760387,0.12245291403929458
pinn,1.0,28.0,0.05,10,74,3.544696046207275,1.402629267732315,1.5014221419098646
pinn,10.0,28.0,0.05,10,74,4.149971047293574,6.980659866925919,7.908505748730159
pinn,100.0,28.0,0.05,10,74,9.770959094693493,9.512322214983284,9.523719622660215
pinn,1000.0,28.0,0.05,10,74,22.767327743700502,26.621903092386095,25.978682649860268
magi,,28.0,0.05,10,75,0.46931922985574265,2.5119543205569617,3.8250687244112287
pinn,0.1,28.0,0.05,10,75,0.3258619040292448,0.1147210121150843,0.13152809676281474
pinn,1.0,28.0,0.05,10,75,3.074114314440169,1.0744524073946804,1.569322423861449
pinn,10.0,28.0,0.05,10,75,4.870223900193725,7.471361059573303,10.430195437784219
pinn,100.0,28.0,0.05,10,75,8.444642121723591,9.18698565919525,10.393881982516563
pinn,1000.0,28.0,0.05,10,75,22.489474782602137,24.03026711976943,23.996837221212726
magi,,28.0,0.05,10,76,0.702513999241915,2.3049166007499196,3.7448655782812486
pinn,0.1,28.0,0.05,10,76,0.1582727498607194,0.6340481991608246,0.2612681003633072
pinn,1.0,28.0,0.05,10,76,1.1607426772723053,0.4161468098761801,1.1894617972786339
pinn,10.0,28.0,0.05,10,76,3.0771348838217882,9.131954298480327,6.485406824298049
pinn,100.0,28.0,0.05,10,76,9.47088245620877,10.81973942931373,10.613086426153673
pinn,1000.0,28.0,0.05,10,76,21.549008600961173,24.5955037792026,21.379273350433476
magi,,28.0,0.05,10,77,0.6550742657755608,2.3061667984409313,4.473107407189783
pinn,0.1,28.0,0.05,10,77,0.3645600643917726,0.2039346572878165,0.21873434087934904
pinn,1.0,28.0,0.05,10,77,3.713403554822686,1.462595337849336,1.545850580325093
pinn,10.0,28.0,0.05,10,77,3.820289319099108,4.35040847996642,3.6120509554375455
pinn,100.0,28.0,0.05,10,77,9.347382036465115,15.934709785152439,14.778378372313966
pinn,1000.0,28.0,0.05,10,77,19.834737522286698,28.004501671735177,29.57125171680348
magi,,28.0,0.05,10,78,0.46619630936654194,2.9020885482441057,2.704846486922485
pinn,0.1,28.0,0.05,10,78,0.6030602123075864,0.2278641468084657,0.24236702684191966
pinn,1.0,28.0,0.05,10,78,1.1283016749287553,0.8122826779090006,1.2414114986848
pinn,10.0,28.0,0.05,10,78,4.040873505368545,6.71115591882321,6.009098623799736
pinn,100.0,28.0,0.05,10,78,8.54058784720263,11.648123413629083,10.985375501332697
pinn,1000.0,28.0,0.05,10,78,17.527184262648102,26.46268473773424,36.641623241813576
magi,,28.0,0.05,10,79,0.7414117237908591,2.9119257748554603,3.1506367620813367
pinn,0.1,28.0,0.05,10,79,0.5470716066985374,0.21634767506337427,0.2615887536772008
pinn,1.0,28.0,0.05,10,79,0.8205706771636057,0.654222825683438,1.081582671864272
pinn,10.0,28.0,0.05,10,79,3.6545526068546805,6.163166960199125,5.816402505498657
pinn,100.0,28.0,0.05,10,79,8.893527493714815,9.390161464708772,7.895792519079661
pinn,1000.0,28.0,0.05,10,79,27.72918707104709,27.82472575845806,34.524099960900834
magi,,28.0,0.05,10,80,0.422616614467875,1.5938352908123052,3.8950496240139527
pinn,0.1,28.0,0.05,10,80,0.30291533303232676,1.2110300387885404,0.16926226957035162
pinn,1.0,28.0,0.05,10,80,1.7295256253719322,2.9749383319216243,2.631441821028783
pinn,10.0,28.0,0.05,10,80,5.014757884799272,7.629715373299363,6.086084841727047
pinn,100.0,28.0,0.05,10,80,9.715417745936184,9.207473538557124,9.432071680600467
pinn,1000.0,28.0,0.05,10,80,33.65746181123262,29.282740616873145,33.91452777613195
magi,,28.0,0.05,10,81,0.5247632057436976,3.7547608851218417,3.070246456425403
pinn,0.1,28.0,0.05,10,81,0.41068055310736307,0.17334245581142632,0.2323315017303897
pinn,1.0,28.0,0.05,10,81,3.5904880411111955,1.2822968463146731,1.5325902831431373
pinn,10.0,28.0,0.05,10,81,2.6283096578553122,5.036259856109682,4.9155450047972105
pinn,100.0,28.0,0.05,10,81,8.861094147951162,12.076440270150933,10.188183794249191
pinn,1000.0,28.0,0.05,10,81,22.01475983919719,35.28548462190798,31.384568748210757
magi,,28.0,0.05,10,82,0.6552255416692702,2.9626630819862294,3.664762548472507
pinn,0.1,28.0,0.05,10,82,0.5883299624842333,0.28543077872836503,0.3237821836246313
pinn,1.0,28.0,0.05,10,82,1.2361521875614,2.643171827555487,2.523759783027722
pinn,10.0,28.0,0.05,10,82,3.1973490861802643,5.532182851218248,6.620689574850475
pinn,100.0,28.0,0.05,10,82,10.218306700802547,9.059390218862003,9.716305943085516
pinn,1000.0,28.0,0.05,10,82,20.481479930861745,24.701063141781404,25.82742115424863
magi,,28.0,0.05,10,83,0.5036094440490045,2.401689705228237,3.8816967084920164
pinn,0.1,28.0,0.05,10,83,0.39080740771432804,0.6106439747526299,0.21547931762064107
pinn,1.0,28.0,0.05,10,83,3.6835319710360115,1.2639806174394401,1.5923718786298928
pinn,10.0,28.0,0.05,10,83,2.27505695184969,6.782556551755567,4.14505885090484
pinn,100.0,28.0,0.05,10,83,9.383555837158557,11.355999345440164,10.34150105200813
pinn,1000.0,28.0,0.05,10,83,22.055528982873174,28.679926686930713,27.416201316871092
magi,,28.0,0.05,10,84,0.5628928165340962,2.5873885587309604,3.4046727976556834
pinn,0.1,28.0,0.05,10,84,0.5590750723362549,0.25906464777463817,0.28466537688964866
pinn,1.0,28.0,0.05,10,84,0.0001007689570542,0.0493021011352539,0.18575191497802732
pinn,10.0,28.0,0.05,10,84,4.511702038852618,6.05902644522265,6.4334479767405774
pinn,100.0,28.0,0.05,10,84,8.15263141426491,8.254235107393235,8.729392329119687
pinn,1000.0,28.0,0.05,10,84,20.165882375226307,27.55810381828721,28.455186692230708
magi,,28.0,0.05,10,85,0.28293326941988073,1.7911041583223206,3.635998020710721
pinn,0.1,28.0,0.05,10,85,0.0003191634913564612,0.027998090541942775,0.07985495955414432
pinn,1.0,28.0,0.05,10,85,1.3178693282709737,0.4036078003517329,1.2403191411307972
pinn,10.0,28.0,0.05,10,85,4.994181450091275,7.650032543103555,6.71522651106336
pinn,100.0,28.0,0.05,10,85,11.125547404493146,14.609518129611885,17.102366714782704
pinn,1000.0,28.0,0.05,10,85,20.415486877820754,23.296887628054645,24.86156943624125
magi,,28.0,0.05,10,86,0.563745792635968,2.8748866193293785,4.268935156153276
pinn,0.1,28.0,0.05,10,86,0.2277006699143531,0.15778217933147973,0.12635085649554464
pinn,1.0,28.0,0.05,10,86,3.1272387351026247,1.150086765936335,1.550818400932626
pinn,10.0,28.0,0.05,10,86,3.911377434208191,5.69069403672412,6.740354332376332
pinn,100.0,28.0,0.05,10,86,8.46945097423323,13.457020122996465,13.817559278136295
pinn,1000.0,28.0,0.05,10,86,18.081197119143628,23.353848776192674,23.723280850902473
magi,,28.0,0.05,10,87,0.6291070490485818,1.1707616632525464,3.0616280919946126
pinn,0.1,28.0,0.05,10,87,0.611413581374617,0.2864136497626557,0.29792223607143975
pinn,1.0,28.0,0.05,10,87,3.4250889932020634,1.2834850787389929,1.5759701881311214
pinn,10.0,28.0,0.05,10,87,2.528318138382596,4.470568643718133,3.7761586140980263
pinn,100.0,28.0,0.05,10,87,8.39442002723582,14.272445028749187,13.851551905047975
pinn,1000.0,28.0,0.05,10,87,23.196956654123806,27.897731105258018,32.806222202500464
magi,,28.0,0.05,10,88,0.37378870963327043,3.524630088658906,3.584984498325735
pinn,0.1,28.0,0.05,10,88,0.33612002522296736,1.4412112867856863,0.415024637340129
pinn,1.0,28.0,0.05,10,88,2.9429933121064593,1.157343632619202,1.5857008196630977
pinn,10.0,28.0,0.05,10,88,3.595190095916842,6.997090533474593,5.156751949193929
pinn,100.0,28.0,0.05,10,88,10.87611902220459,9.379378851566663,9.46862088740321
pinn,1000.0,28.0,0.05,10,88,25.76413959701102,36.5089986888262,40.26783464576721
magi,,28.0,0.05,10,89,0.5675074239666025,2.728443474813713,3.462405354348992
pinn,0.1,28.0,0.05,10,89,0.32490929949260594,0.20722725680603177,0.1555360464091438
pinn,1.0,28.0,0.05,10,89,1.2843945749755066,0.493728814514627,1.2171466745584685
pinn,10.0,28.0,0.05,10,89,3.1491507876176916,3.9163398664075952,4.528305433579778
pinn,100.0,28.0,0.05,10,89,8.52190706226281,9.167717096307888,9.03792747937816
pinn,1000.0,28.0,0.05,10,89,19.231926043581264,25.575314859423944,25.017589084845593
magi,,28.0,0.05,10,90,0.3714146925943131,2.863276016516747,3.7507570480323573
pinn,0.1,28.0,0.05,10,90,7.11651068353306e-08,0.01837848451939465,0.01643920828462099
pinn,1.0,28.0,0.05,10,90,3.3163093805798405,1.2410377149813039,1.723106000742656
pinn,10.0,28.0,0.05,10,90,4.624307255540087,10.23267120960354,5.970473394687496
pinn,100.0,28.0,0.05,10,90,9.456283039215851,8.989572440068718,9.973888185520527
pinn,1000.0,28.0,0.05,10,90,21.251068834758787,21.315187338801444,23.386445143358408
magi,,28.0,0.05,10,91,0.4459267434345236,3.146463833040784,4.445054028386355
pinn,0.1,28.0,0.05,10,91,0.5516184381303441,0.24875174111382134,0.2921369108155385
pinn,1.0,28.0,0.05,10,91,1.373156394754448,0.708544042449156,1.141168656398924
pinn,10.0,28.0,0.05,10,91,4.678658355952723,6.019587693152073,5.459028926227477
pinn,100.0,28.0,0.05,10,91,9.174933052378123,9.58483624254264,10.47658889859581
pinn,1000.0,28.0,0.05,10,91,19.596747825843444,23.488074292043706,28.467312494965554
magi,,28.0,0.05,10,92,0.7225337636445731,3.8396864747913857,3.6150296297283995
pinn,0.1,28.0,0.05,10,92,0.542330370603421,0.2291495740990151,0.28626330280231144
pinn,1.0,28.0,0.05,10,92,1.6533668281824605,2.328073082680809,2.5823545647385826
pinn,10.0,28.0,0.05,10,92,4.867866997069875,6.707601870551186,6.127032839152484
pinn,100.0,28.0,0.05,10,92,8.597594715717698,11.403948590125617,12.149283852711886
pinn,1000.0,28.0,0.05,10,92,23.342832354182722,27.318156209834296,22.967467359792625
magi,,28.0,0.05,10,93,0.7518922034000625,2.5961573252802803,4.043691068233646
pinn,0.1,28.0,0.05,10,93,0.5353686926728525,0.2293842108061785,0.28847102277828784
pinn,1.0,28.0,0.05,10,93,3.43971037379128,1.2193421155363744,1.539020881998138
pinn,10.0,28.0,0.05,10,93,2.1362374148456422,3.332811066236864,2.822051584662374
pinn,100.0,28.0,0.05,10,93,7.201532864783307,12.028383009852147,10.095973786727065
pinn,1000.0,28.0,0.05,10,93,22.875547564027503,29.25750625233635,29.26379099239796
magi,,28.0,0.05,10,94,0.46529427646113647,1.6493846500670952,3.3795222851287057
pinn,0.1,28.0,0.05,10,94,0.5537503434572302,0.22142558697394785,0.306340622148621
pinn,1.0,28.0,0.05,10,94,3.5234932073889436,1.2365357923197209,1.4395062298996804
pinn,10.0,28.0,0.05,10,94,4.0851567114510665,7.783690670997914,6.341266960682741
pinn,100.0,28.0,0.05,10,94,9.847732401234204,15.427323761866004,13.534599489683243
pinn,1000.0,28.0,0.05,10,94,22.941162419789944,25.978232148745235,24.637870324052336
magi,,28.0,0.05,10,95,0.49662695469716084,3.1185014216606852,3.6634736856758763
pinn,0.1,28.0,0.05,10,95,0.5476145985987593,0.2433774677182796,0.2842778677333214
pinn,1.0,28.0,0.05,10,95,3.765914582564051,1.3626897211007083,1.621030075128091
pinn,10.0,28.0,0.05,10,95,4.45233720159606,7.903218981091636,8.271188746561316
pinn,100.0,28.0,0.05,10,95,9.922415106957889,10.575071784195176,10.37111203225306
pinn,1000.0,28.0,0.05,10,95,22.11280045383975,24.09347165368959,22.774639726362114
magi,,28.0,0.05,10,96,0.6112874323827188,2.688538241395531,3.8313475362642273
pinn,0.1,28.0,0.05,10,96,0.5379523864480583,0.23511365385179722,0.2935142936481765
pinn,1.0,28.0,0.05,10,96,1.884608254481736,1.0125376882494816,1.3980588803267102
pinn,10.0,28.0,0.05,10,96,4.8398637884973885,6.236952545801596,7.105063833611336
pinn,100.0,28.0,0.05,10,96,9.32405137364523,10.057874735318856,12.829445525014345
pinn,1000.0,28.0,0.05,10,96,23.647536622811238,23.110009414906262,28.15717590603443
magi,,28.0,0.05,10,97,0.39255595296321333,2.624848714200938,3.8086328458279297
pinn,0.1,28.0,0.05,10,97,0.1683187365286287,0.14452635121094545,0.17726460211156558
pinn,1.0,28.0,0.05,10,97,1.0951779737766059,0.8497986553630138,0.9171156269056933
pinn,10.0,28.0,0.05,10,97,4.071660966937718,7.769789539043013,8.680379223814823
pinn,100.0,28.0,0.05,10,97,9.636454528574472,12.686679590264736,10.34059081333563
pinn,1000.0,28.0,0.05,10,97,21.747383373022817,31.603327703291995,26.120083501043133
magi,,28.0,0.05,10,98,0.45612158375276646,1.6008236141513983,4.120777768401851
pinn,0.1,28.0,0.05,10,98,0.3387880821015731,0.1735536132508244,0.16656347392751625
pinn,1.0,28.0,0.05,10,98,3.2849852004961235,1.2532056586437972,1.6443473249016742
pinn,10.0,28.0,0.05,10,98,4.319650534470735,8.050876539472956,6.90394334274326
pinn,100.0,28.0,0.05,10,98,9.512587602650164,9.782490582059845,10.505726636411305
pinn,1000.0,28.0,0.05,10,98,20.852484392347083,28.795354086116447,28.019042074930685
magi,,28.0,0.05,10,99,0.4761115342564004,1.2233005561392227,3.2463102337041234
pinn,0.1,28.0,0.05,10,99,0.33140850239658703,0.5591992582277739,0.13977465357629995
pinn,1.0,28.0,0.05,10,99,3.228214146035645,1.1479461959287367,1.5953928689477668
pinn,10.0,28.0,0.05,10,99,3.1539071375121375,5.471582679394155,6.640126676693797
pinn,100.0,28.0,0.05,10,99,8.7528303682819,9.670787024530345,9.91750468173768
pinn,1000.0,28.0,0.05,10,99,27.796448586710632,25.73344001782858,27.696781660815937
